PatientID,FirstName,LastName,DateOfBirth,Gender,ContactInfo,InsuranceNumber
1,Michael,Poole,1938-02-16,Other,"001-372-307-4556x8329, jasonwalker@example.org",INS55336
2,Thomas,Peters,1988-08-16,Female,"001-258-941-7684x92367, laura76@example.com",INS412454
3,Jacob,Perez,2016-12-18,Female,"7686854638, elijah09@example.net",INS985581
4,Heather,Richards,1932-12-02,Female,"6394856846, cynthia33@example.org",INS862478
5,Ruben,Douglas,1931-09-25,Male,"503-251-1653, ortizanita@example.org",INS286061
6,Danielle,Wilson,1948-09-06,Male,"(299)550-5194x300, xwilson@example.com",INS614860
7,Jeffrey,Wood,1960-05-08,Other,"510.291.8738x59383, heathermendoza@example.net",INS305346
8,Michael,Jordan,1953-06-21,Male,"001-359-402-5211x48426, gabrielahernandez@example.net",INS362454
9,Samantha,May,1957-06-20,Other,"687-646-7634, dmartin@example.net",INS601854
10,Micheal,Osborne,1984-04-26,Other,"979.881.9555x8308, shawnhess@example.net",INS485011
11,Michael,Steele,2014-11-27,Female,"001-315-790-2623x993, belljoshua@example.net",INS426074
12,Marcia,Brooks,1932-12-10,Female,"8637226258, claudiaferguson@example.net",INS958714
13,Rickey,Gordon,1988-09-07,Other,"001-288-940-4660x27340, monica02@example.net",INS896532
14,Michael,Leon,1994-07-09,Male,"001-346-958-0804x49317, michaelrodriguez@example.org",INS521406
15,Casey,Alexander,1985-05-20,Male,"5916877710, cjenkins@example.com",INS628762
16,Brittney,Johnson,1987-02-23,Male,"+1-582-844-3676x5956, mark11@example.net",INS547815
17,Ann,Avila,1999-09-10,Other,"301.335.8842, kyle84@example.com",INS45511
18,Danielle,Green,1986-03-23,Other,"918-658-7773, royreed@example.com",INS156157
19,Angela,Taylor,1941-01-19,Other,"2008012060, jperez@example.com",INS697892
20,George,Hill,1942-12-18,Other,"(379)884-5333, dmcguire@example.net",INS603769
21,Kim,Barry,1945-05-30,Female,"363-928-1306x199, rayveronica@example.net",INS924351
22,Jamie,Butler,1924-08-08,Other,"2892761424, ronald28@example.net",INS298174
23,William,Meza,2003-08-11,Female,"(731)461-2904x457, karengould@example.org",INS427982
24,Sara,Fischer,1970-06-15,Male,"+1-698-277-6212x36268, kbrown@example.org",INS264903
25,Colleen,Young,2009-07-23,Female,"+1-483-857-1266, wilsondaniel@example.org",INS711085
26,Melissa,Patterson,1970-11-30,Other,"231-521-7417, carlosbrown@example.org",INS592092
27,Mallory,Peterson,1939-09-26,Male,"629.670.1854, lesliemartinez@example.net",INS836443
28,April,Ward,1967-12-12,Female,"341-648-8600x8885, ymorgan@example.com",INS382546
29,Angela,King,1935-03-04,Male,"(853)944-4733, savannah18@example.com",INS568737
30,Joseph,Peters,1939-02-22,Female,"808-671-3020, scott24@example.com",INS557576
31,Joshua,Jones,2014-02-11,Other,"669.361.0350x50477, anna50@example.org",INS183415
32,Claire,Adams,1954-09-09,Female,"(975)596-5042, castrojennifer@example.com",INS589974
33,David,Simon,1924-05-17,Other,"(313)896-9017, patrickrichardson@example.net",INS962407
34,Jeffrey,Knox,1940-08-19,Male,"(968)207-4218x4754, aguilarkaren@example.com",INS447664
35,James,Trevino,1968-03-29,Male,"+1-442-265-7568x8477, kim48@example.org",INS881990
36,Joshua,Cameron,1955-08-31,Female,"+1-251-689-1807, melissa02@example.org",INS345554
37,Shawn,Byrd,1957-09-12,Male,"724-725-6570x3969, brandoncox@example.com",INS820066
38,Sarah,Lane,1978-03-20,Female,"685.726.5486, vburns@example.com",INS525882
39,Andrew,Obrien,2008-04-29,Male,"(215)715-7851, ballpaula@example.org",INS92466
40,Mark,Frey,1937-08-19,Male,"507-559-9770, michaelcook@example.net",INS582084
41,Sara,Stanley,2000-05-28,Other,"408-939-3827, melissaguerra@example.net",INS712454
42,Craig,Young,1998-12-06,Male,"2728405890, deankayla@example.com",INS992632
43,Maria,Kennedy,1947-05-26,Other,"001-877-403-9409x79295, roywilliamson@example.com",INS316909
44,Donna,Silva,1986-10-02,Other,"001-698-660-9556x18218, tshah@example.com",INS642864
45,David,Sullivan,1925-10-06,Other,"744.794.0085, davidmartinez@example.com",INS466947
46,Brandy,Zuniga,1929-05-30,Male,"481-970-3004x8934, tlong@example.net",INS232955
47,Marie,Morgan,1950-08-10,Male,"889-246-1141x264, hnguyen@example.com",INS244661
48,John,Brown,1963-08-31,Other,"771-901-0103, wilsonryan@example.org",INS328822
49,Michael,Murray,1966-01-28,Other,"920-354-8200, christina56@example.net",INS301845
50,Jean,Reynolds,1988-05-06,Male,"253.828.8715x593, websteralexis@example.net",INS929362
51,Robert,Anderson,2019-07-10,Other,"+1-981-706-4685, virginiajohnson@example.org",INS203067
52,Rhonda,Wallace,1984-01-02,Other,"(809)206-8463x56260, ccervantes@example.com",INS127561
53,Vincent,Sanchez,1934-02-22,Male,"748-998-8617, ddavis@example.org",INS169528
54,Whitney,Wells,1954-09-09,Female,"+1-529-311-1514x851, dtaylor@example.com",INS340484
55,Seth,Perez,2021-05-24,Other,"(539)802-0928x99100, timothykidd@example.org",INS740343
56,Henry,Jones,1998-07-30,Male,"629-222-2422, dylanchristensen@example.org",INS490825
57,Curtis,Shaw,1999-01-08,Female,"001-929-733-7628, laurajefferson@example.net",INS768524
58,Chad,Jenkins,1987-05-26,Other,"554.281.7611x7587, alejandrolewis@example.net",INS285053
59,Mitchell,Velez,1990-09-29,Male,"224.935.1218, moraleseric@example.org",INS667364
60,Benjamin,Cohen,1981-12-10,Female,"826-798-1716, brookewilliams@example.net",INS744759
61,Henry,Robertson,1983-09-28,Other,"(547)701-8619, clayton26@example.net",INS884094
62,Wendy,Gibson,1933-02-22,Female,"(402)220-9160, dennistaylor@example.com",INS822433
63,Linda,Warner,1926-05-14,Male,"+1-774-362-7066, melissamartin@example.com",INS384192
64,Lisa,Mann,1976-01-18,Other,"5955216286, stevenbyrd@example.net",INS116448
65,Eric,Carr,1986-04-21,Other,"806.785.2934, dscott@example.net",INS322983
66,Kevin,Lowe,1945-11-20,Male,"+1-214-978-9240, russellhouse@example.net",INS654922
67,Alexander,Estes,1952-08-31,Other,"5755610338, yreyes@example.org",INS611966
68,Jennifer,Adkins,1991-08-08,Male,"001-539-492-1144, jon88@example.org",INS82923
69,Omar,Cannon,1972-03-21,Male,"001-954-885-6448, nathanielhill@example.com",INS466904
70,Scott,Johnson,2017-12-21,Female,"488.988.3744x7335, thomas64@example.com",INS817552
71,Christopher,Turner,1993-09-19,Female,"3312244443, april86@example.org",INS509437
72,Michael,Wilson,2020-12-25,Male,"(631)682-6142x5586, john67@example.net",INS79985
73,Robert,Mejia,1953-09-29,Male,"(387)917-6696x9557, crogers@example.org",INS876253
74,Beth,Quinn,1931-04-23,Other,"(238)300-4087x51642, brownrandy@example.org",INS153672
75,Brian,Walsh,2012-05-20,Male,"+1-413-713-7117, bonnie66@example.com",INS869937
76,Willie,Anderson,1990-09-05,Male,"(735)336-5010x101, ugordon@example.org",INS388334
77,Denise,Bryant,1929-02-07,Male,"(609)935-2947x54908, jeffrey52@example.org",INS921218
78,Matthew,Jones,1932-04-20,Other,"420.496.6445x2582, jenna55@example.com",INS442460
79,Philip,Erickson,1979-06-13,Male,"+1-972-462-7148x9895, kevingarcia@example.com",INS768188
80,Katherine,Mooney,1929-09-14,Other,"879.986.0204, pbarr@example.net",INS70485
81,Bryan,Boyle,1968-12-09,Male,"001-728-238-3340x9766, austinsarah@example.com",INS946016
82,Barbara,House,2002-11-21,Female,"685-941-4199, devans@example.com",INS935541
83,Luis,Nelson,2023-02-25,Other,"(630)500-9397x18092, ajuarez@example.net",INS631203
84,David,Barber,1960-07-27,Other,"+1-277-499-1537, juannelson@example.org",INS328583
85,Mandy,Price,1988-04-17,Other,"(837)365-0980x38547, hfinley@example.org",INS643523
86,Michael,Caldwell,1924-12-18,Other,"361-336-2218x77611, karenhenderson@example.org",INS198616
87,Scott,Mitchell,2013-07-13,Other,"975.999.8680x0458, henry17@example.org",INS877731
88,Jacqueline,Jensen,1949-07-21,Other,"(297)620-0601x8804, gatesdavid@example.com",INS21054
89,Samuel,Cruz,1955-08-23,Female,"545.687.7068x10102, christopherwilliams@example.org",INS574682
90,John,Hardy,1943-06-02,Female,"(608)253-8960, omathis@example.org",INS556976
91,Anita,Smith,1977-01-02,Other,"(931)358-2742, lisa12@example.org",INS623539
92,Frank,Allen,1928-04-20,Male,"759-523-9665x908, krystalmosley@example.com",INS662730
93,Brandon,Parker,1977-03-10,Other,"445-680-3155, william12@example.org",INS907221
94,Patrick,Davenport,1990-07-16,Female,"641.510.4715x75440, kingandrew@example.org",INS124416
95,Julie,Bowen,2013-11-17,Female,"220.570.0932x33114, hunterjeremy@example.org",INS141322
96,Robert,Martin,1954-03-08,Other,"203-480-3553, berrypenny@example.net",INS883752
97,Samantha,Morales,1969-07-10,Male,"509-279-1719x95704, ana89@example.org",INS98337
98,Jesus,Smith,2010-11-03,Female,"+1-802-642-6123x8027, calebsingh@example.net",INS438365
99,Karen,Navarro,1968-02-10,Male,"(673)457-3799x798, amymassey@example.com",INS415961
100,Francisco,Thomas,2019-01-22,Other,"559.638.4353x6596, parkjuan@example.net",INS56731
101,Steven,Wells,2018-12-30,Male,"(276)594-9190x7079, caitlinjenkins@example.com",INS889995
102,Lauren,Ward,2004-06-15,Other,"001-497-320-8466, adam35@example.org",INS656411
103,Scott,Carter,1975-05-31,Other,"(276)473-1531, lesliejenkins@example.org",INS332751
104,Janet,Lee,2002-02-11,Female,"362.376.8337x79060, barberalexis@example.com",INS937677
105,Sarah,Michael,1968-08-30,Other,"(481)229-1387, fyoung@example.com",INS170787
106,Jacob,Mullins,1936-02-08,Male,"6745864274, mary95@example.com",INS900029
107,Daniel,Becker,1952-07-26,Female,"546.603.3889, pturner@example.org",INS139862
108,Angela,Bridges,1943-11-09,Female,"(333)793-5087x17323, rodriguezmaurice@example.com",INS293090
109,Sharon,Moore,1992-12-20,Male,"882.704.5200x865, jacob67@example.org",INS924177
110,William,Allen,2021-09-24,Male,"613.817.0616, evan07@example.org",INS816845
111,Max,Hamilton,2002-01-13,Female,"(597)486-0898x782, johnsonashley@example.org",INS736501
112,Kevin,Clark,1943-04-07,Male,"8067662615, mmorrison@example.net",INS676754
113,David,Ruiz,1997-04-23,Male,"431.872.8012, tleon@example.org",INS518583
114,Jamie,Sanchez,1924-11-01,Male,"7634357838, ryansean@example.net",INS552790
115,Christopher,Curtis,2004-02-11,Female,"001-523-555-3177x4134, timothysolomon@example.org",INS417362
116,Courtney,Hernandez,2010-05-30,Other,"(746)479-7761x7563, averyterri@example.org",INS297001
117,Yvonne,Norman,2009-08-19,Female,"001-403-329-3670, vacosta@example.net",INS696617
118,Christopher,Bennett,1989-03-15,Female,"+1-661-486-5277x727, wayne67@example.net",INS813321
119,Nicole,Williams,1951-06-12,Female,"001-745-917-5176x260, qgarrett@example.org",INS131151
120,Nicholas,Stevens,1966-05-16,Male,"520-661-3959, brookswilliam@example.org",INS301765
121,April,Wilson,1988-01-07,Female,"781-774-2079, robinsonbrittany@example.org",INS108309
122,Judith,Huffman,1994-11-11,Female,"257.702.5164, lauracoleman@example.net",INS683274
123,Tony,Floyd,1949-10-17,Female,"001-434-290-5382x9029, faguilar@example.org",INS458496
124,Bryan,Anderson,1980-07-31,Female,"+1-647-494-3857x2090, mwilliams@example.com",INS36993
125,Anthony,Johnson,2009-05-24,Male,"(648)863-1869x06073, christophermcdonald@example.net",INS56930
126,Darius,King,2000-08-24,Male,"953-638-2889x1517, mackenzierios@example.net",INS967386
127,Cameron,Tucker,1988-01-09,Female,"001-539-322-3257x50108, samuel45@example.net",INS20914
128,David,Cruz,1965-01-07,Other,"651.534.3710, anthonyhoward@example.com",INS186045
129,Joshua,Davies,1924-10-29,Male,"(522)925-1636, joshuascott@example.net",INS864991
130,Kayla,Smith,2016-03-21,Other,"472-657-8972, kim47@example.org",INS716129
131,Spencer,Lopez,1950-06-27,Other,"811-624-1264x95998, martin36@example.org",INS846293
132,Michael,Butler,1947-12-16,Other,"001-504-391-6904x2755, andersonisabel@example.org",INS810320
133,Christian,Harper,1977-03-12,Male,"(511)449-4099, markjensen@example.net",INS530732
134,Daniel,Thomas,1997-10-02,Other,"(960)649-4702, angel46@example.org",INS246648
135,Steven,Jones,1982-07-31,Male,"+1-884-507-6251x6766, bellkathleen@example.org",INS524649
136,Spencer,Contreras,1984-09-28,Male,"244-700-4496x56495, sarahoconnell@example.org",INS129421
137,Lori,Castillo,1978-07-24,Female,"+1-551-592-9024x515, rachaelharrison@example.net",INS167867
138,Mary,Avery,1991-11-20,Female,"741-532-2751x65185, jonathan03@example.com",INS911855
139,Jessica,Yoder,1925-09-18,Female,"472.491.4173x2370, cindygonzales@example.com",INS327687
140,Lisa,Jordan,1930-03-16,Male,"+1-746-592-5035x861, amanda31@example.net",INS567815
141,Paula,Kemp,2014-11-28,Female,"001-639-736-2016x089, zsmith@example.com",INS142855
142,Charles,Anderson,1948-11-15,Male,"421-517-5586, johnreeves@example.net",INS523625
143,Thomas,Davis,1942-04-16,Female,"4455281358, andrea09@example.net",INS404054
144,Patricia,Hall,2003-12-22,Female,"801-316-8492x40657, gentrylaura@example.com",INS807610
145,Emily,Miller,1944-12-14,Other,"581-368-8196, lperkins@example.org",INS843918
146,David,Lyons,1968-05-24,Male,"371-776-4140x0861, benjaminrollins@example.com",INS613096
147,Thomas,Sampson,2020-08-17,Male,"504.616.3452x987, ywhite@example.com",INS805169
148,Joan,Olsen,1971-09-01,Female,"9303490131, adammoran@example.com",INS284319
149,Megan,Graham,1928-03-30,Female,"001-603-347-0434x3118, murraygabrielle@example.net",INS697035
150,Timothy,Miller,1990-05-31,Other,"852-204-6571x4729, whitechristina@example.org",INS762151
151,Justin,Sullivan,1994-06-30,Other,"849.542.0758, medinaspencer@example.org",INS781134
152,Sarah,Smith,1944-01-04,Female,"2759771669, alex47@example.net",INS609148
153,Kevin,Morgan,1938-08-25,Male,"650-798-5962, cynthia75@example.com",INS486215
154,Elizabeth,Bowman,1964-06-27,Female,"001-733-702-6067x3590, connie34@example.org",INS884218
155,Justin,Hoffman,1937-06-16,Male,"9367842231, tomrodriguez@example.com",INS136953
156,Sharon,Wallace,1932-01-10,Male,"001-286-472-8808, qfields@example.net",INS977888
157,Adam,Jarvis,1938-04-09,Other,"762-254-0243, michealarnold@example.com",INS791275
158,Sierra,Mcdonald,2012-01-29,Male,"001-757-552-0136x4828, jdiaz@example.org",INS719431
159,Nicholas,Graham,1993-03-09,Other,"+1-747-428-9589x9356, ronald61@example.net",INS545898
160,Mary,Ortiz,1959-03-18,Other,"001-586-229-7754, bradshawtimothy@example.org",INS744514
161,Carmen,Morrison,1987-11-18,Female,"+1-660-411-9283x15936, nicolestuart@example.org",INS6450
162,Craig,Huber,1995-07-20,Female,"882.690.0572x50337, paulfigueroa@example.net",INS6750
163,Nicole,Greene,2001-08-30,Male,"348.890.6425x157, frederickbaker@example.net",INS771046
164,Victoria,Christian,1970-10-21,Male,"001-503-257-8243, carterchristina@example.net",INS239687
165,Joshua,Morales,1985-07-25,Other,"548.256.8108, bdecker@example.com",INS617723
166,Bobby,Bishop,1988-03-23,Other,"571.892.7052x209, julie37@example.org",INS997919
167,James,Marshall,1961-01-17,Male,"001-609-791-4188x200, aaronkeith@example.net",INS456597
168,Kristen,Gonzalez,2006-09-25,Other,"9995032032, jacob88@example.net",INS412581
169,Bryan,Mcpherson,1954-10-07,Male,"+1-372-708-9218x93055, adrian60@example.org",INS536603
170,Emily,Rollins,1976-01-11,Male,"001-721-277-0323x23019, lsmith@example.com",INS152532
171,Ashley,Johnson,1948-10-22,Female,"741-326-2729, myersjillian@example.org",INS56561
172,Roger,Smith,1998-10-18,Female,"+1-272-985-6463x4981, lauren79@example.org",INS714958
173,Eric,Larsen,1980-12-27,Other,"001-207-543-6717x8257, djohnston@example.org",INS819929
174,Brenda,Mooney,2024-02-19,Male,"228-955-1146x3649, mrangel@example.org",INS917705
175,Steven,Brown,1995-05-18,Other,"850-727-4528x7013, joelmorgan@example.org",INS757343
176,James,Shields,1935-07-23,Female,"(430)876-6650x11247, byrdjoshua@example.net",INS55411
177,Brian,Sutton,1934-03-21,Other,"(610)595-3686, cooperkelly@example.org",INS380549
178,Steven,Dickson,1973-10-24,Other,"478-699-9245x655, maryjohnson@example.org",INS762629
179,David,Santos,1961-09-19,Other,"+1-236-607-7677x4707, kimmyers@example.net",INS531098
180,Thomas,Martinez,1996-12-09,Male,"367-735-4356x44140, jonesmichael@example.net",INS167245
181,Lindsey,Johnson,1992-08-10,Female,"001-310-528-3851x37237, zjefferson@example.net",INS207560
182,Paul,Maynard,1986-03-29,Other,"246-898-7473, haley16@example.com",INS48929
183,Raymond,Davis,1932-08-21,Female,"001-988-882-8193x04102, anthony53@example.com",INS573686
184,Daniel,Taylor,1974-03-21,Male,"(909)721-4725x28741, george51@example.com",INS918441
185,Thomas,Scott,1974-02-21,Male,"(508)259-8925, john56@example.com",INS746310
186,Robin,Neal,2004-04-02,Female,"001-917-764-0104x0985, dharris@example.org",INS648601
187,Christina,Wolf,1998-05-21,Male,"666.269.3772x5240, njoseph@example.com",INS241847
188,Douglas,Krueger,1996-01-29,Female,"+1-741-575-0014x46548, alyssa80@example.net",INS425777
189,Michael,Gonzales,1929-09-26,Other,"001-206-419-7521x42002, lrivas@example.com",INS784020
190,Joshua,Newman,1930-10-22,Male,"221.530.6650x0192, alexanderthompson@example.com",INS589474
191,Stacy,Stout,1960-10-25,Other,"360-222-1721x33442, jacqueline83@example.org",INS488068
192,Donald,Griffin,1965-04-11,Other,"473.203.8320x38754, elin@example.org",INS59357
193,Matthew,Berry,1937-12-06,Female,"513.390.1337x62150, kathleen50@example.net",INS443977
194,Adam,Lee,1960-12-07,Other,"001-296-496-2998, grantnicholas@example.net",INS618700
195,Gloria,Henderson,1939-05-03,Other,"(373)972-4373, nicholasestrada@example.net",INS35830
196,Zachary,Garcia,1957-03-16,Female,"8847893751, chandlertiffany@example.net",INS196232
197,Dennis,Thomas,1952-10-17,Male,"(809)775-6524, harrissherri@example.org",INS317712
198,Connor,Smith,2024-08-25,Other,"345-473-7881x25409, jessica58@example.com",INS629461
199,Timothy,Smith,2000-07-02,Male,"683.504.8164, teresadillon@example.net",INS710011
200,Angela,Gordon,2000-12-18,Male,"907-881-0108, znorton@example.org",INS489871
201,Brandon,Small,1984-02-16,Female,"(402)935-4617x8645, nicole05@example.com",INS164032
202,Charles,Smith,1958-12-22,Other,"385.603.8267, xtyler@example.org",INS997404
203,Kristina,Camacho,2011-11-26,Male,"795-331-1307x4941, gordonheather@example.com",INS715075
204,Nancy,Farmer,1952-03-31,Male,"858-227-8234x02124, chelsea36@example.com",INS315509
205,Cindy,Barr,1957-02-14,Male,"+1-349-432-4327x7605, thomasbrown@example.org",INS331418
206,Travis,Gomez,1961-08-27,Other,"001-772-568-2821x9075, gevans@example.net",INS287108
207,Jimmy,Bishop,2021-02-20,Female,"+1-885-856-4563x620, sergiomcclure@example.com",INS961093
208,Caitlin,Rodriguez,2014-10-07,Other,"001-494-284-7131x128, zhernandez@example.com",INS919387
209,Eric,Mccall,1932-10-14,Female,"307-775-0835, michaellogan@example.org",INS421861
210,Susan,Martinez,1930-08-15,Female,"+1-972-856-6739x88791, meganhanson@example.org",INS18903
211,Heather,Cantrell,2009-05-30,Other,"822.859.2354x27247, otravis@example.net",INS353400
212,Charles,Lopez,2009-01-27,Female,"+1-409-345-8349x4363, madeline37@example.net",INS901940
213,Kimberly,Calderon,2001-05-05,Female,"(548)878-5577x04426, jerome41@example.com",INS732464
214,Kevin,Hull,1988-04-25,Female,"3866243349, fgibbs@example.net",INS708790
215,Angela,Perry,1926-03-22,Male,"567.225.6805x7353, fernandezdavid@example.org",INS26151
216,Sean,Green,1938-03-08,Female,"001-480-911-1915x5494, tim30@example.net",INS587460
217,Dylan,Henry,1936-05-29,Female,"+1-687-503-1136x6599, wmcguire@example.net",INS113578
218,Linda,Davis,2018-08-26,Other,"512.487.2320x3864, carol08@example.net",INS111467
219,Christopher,Hayes,1953-10-01,Other,"+1-416-318-9626x0852, victoria33@example.net",INS393207
220,Devin,Woods,1941-06-27,Other,"2053317073, sara60@example.com",INS54288
221,Jacqueline,Fisher,1945-02-08,Male,"251.359.2338x5307, danielcox@example.net",INS479430
222,Randy,Fuentes,2008-03-17,Female,"+1-436-569-0941x0824, robertwright@example.net",INS861146
223,Joshua,Acevedo,1966-07-11,Male,"+1-947-867-5821x13662, fishersandra@example.com",INS928370
224,Tracy,Owens,1955-05-31,Female,"001-797-337-6320x98006, kemplynn@example.org",INS424725
225,Brandon,Jefferson,1973-02-02,Male,"001-602-464-6241x540, meredith03@example.org",INS445443
226,Emily,Merritt,1933-10-30,Male,"001-743-265-0866x423, austinlara@example.org",INS734974
227,Christian,Barker,1989-04-21,Female,"769-942-4422x044, zachary53@example.com",INS986235
228,Andrea,Leach,1964-11-17,Female,"841.658.3410x2450, powellkevin@example.com",INS665225
229,Emily,Sullivan,1980-03-17,Female,"515.812.4772x053, hamiltontara@example.com",INS844886
230,Joseph,Hodges,1962-01-10,Other,"6668412659, gainesmolly@example.com",INS103465
231,Wendy,Richardson,2003-06-16,Other,"+1-985-203-7205, cheryl63@example.org",INS250345
232,Alexander,Robertson,1941-11-25,Other,"(739)666-6187x8361, hailey13@example.org",INS903119
233,Bryan,Gonzales,1962-01-26,Female,"892.548.3992x26415, sking@example.net",INS149613
234,James,Reeves,2021-09-01,Female,"+1-454-784-7698, joel50@example.org",INS262272
235,Sarah,Rios,1961-12-27,Female,"+1-806-899-3576x037, christy38@example.com",INS995702
236,Kevin,Jackson,2008-05-12,Male,"252.488.1365, fhiggins@example.org",INS643823
237,Daniel,Garcia,1934-04-06,Other,"8109994605, katherine85@example.org",INS503864
238,Troy,Briggs,1929-08-07,Other,"522.451.2870x75226, fdean@example.com",INS806319
239,Christopher,Grant,1937-08-21,Female,"001-611-626-1316x2913, aprilvillegas@example.org",INS515141
240,Anthony,Berry,2017-10-21,Female,"418-494-4098, dmiller@example.net",INS475621
241,David,Brown,1942-10-03,Female,"001-697-836-2045, aking@example.com",INS236644
242,Regina,Chan,1972-11-04,Male,"+1-608-231-9343x59555, nancyvalenzuela@example.org",INS209217
243,Dylan,Leonard,2020-03-29,Male,"940-548-1955, jamesphelps@example.org",INS812842
244,Riley,Kent,1949-07-12,Female,"272-354-1924x5958, ortizjason@example.net",INS662289
245,Bethany,Pace,1926-08-02,Other,"001-793-221-3712x78027, zyoung@example.com",INS177062
246,Todd,Morrison,1952-04-08,Male,"(395)636-0419x391, lisamoore@example.net",INS857016
247,Julie,David,2001-09-19,Male,"987.232.3056, kduncan@example.net",INS727382
248,Courtney,Alvarado,1939-07-22,Female,"+1-331-801-6253x577, whouse@example.com",INS113620
249,Angelica,Gregory,1996-12-30,Male,"220.373.3297, jessica57@example.net",INS944535
250,Karen,Perez,1982-05-02,Male,"339.805.3236x8488, browningmichael@example.com",INS69849
251,Jennifer,Spears,1964-10-08,Male,"(981)630-5150x213, deborah11@example.com",INS322221
252,Herbert,Campbell,2014-11-06,Male,"591-829-6583x46487, clarkisaiah@example.net",INS509276
253,Caleb,Poole,2016-05-04,Male,"690-701-3663, gkeller@example.org",INS706729
254,Rebekah,Rodriguez,1973-07-30,Male,"786-213-0878, travis02@example.net",INS120334
255,Paul,Johnson,2015-06-25,Female,"(648)569-2083, fholland@example.org",INS503151
256,Laura,Johnson,1986-08-31,Female,"+1-996-646-0188, hillsarah@example.com",INS466841
257,Richard,Hurley,1956-03-18,Other,"001-626-649-2055x16779, mcclainelizabeth@example.net",INS242049
258,John,Wood,1929-08-20,Male,"9847055982, greersarah@example.org",INS98364
259,Stephanie,Rodriguez,1966-05-23,Female,"418-787-1228x95497, adamselizabeth@example.com",INS463117
260,Randy,Banks,2008-12-29,Male,"+1-215-280-7555x1310, ztucker@example.org",INS405127
261,Robin,Ward,1972-04-14,Female,"001-877-610-9063x958, blakelozano@example.com",INS530702
262,Melissa,Wood,1942-06-05,Female,"(540)202-6524, heather88@example.net",INS684452
263,David,Thompson,1957-04-16,Other,"+1-225-797-7528x4983, steven52@example.net",INS450284
264,Rebecca,Anderson,1925-07-01,Other,"001-523-870-5582x68970, douglasmcdonald@example.net",INS543117
265,Ryan,Patterson,2010-10-06,Female,"906-293-4831, phaley@example.com",INS333411
266,Joseph,Luna,1968-04-24,Other,"001-751-816-2894x594, raymonddunlap@example.com",INS937318
267,Alex,Cox,1931-02-26,Female,"001-643-967-7083, susan07@example.net",INS338953
268,Jesus,Johnson,1932-04-15,Male,"(459)740-9768x54513, smithmichael@example.net",INS607536
269,Todd,Gonzalez,1974-11-18,Male,"6884165339, lawsonedward@example.org",INS564453
270,David,Daniels,1948-06-14,Other,"+1-355-287-3263x211, warejohn@example.net",INS439405
271,James,Harris,1926-10-26,Male,"572-639-6060x23800, coryfernandez@example.net",INS653983
272,Jessica,Cisneros,1932-09-15,Male,"3704031466, davidgraham@example.net",INS849323
273,Dennis,Andrews,1965-04-18,Female,"+1-412-636-6898x8489, riveraglenda@example.net",INS603639
274,William,Brown,2019-03-18,Other,"001-947-866-3903, hfields@example.org",INS59076
275,Bryan,Young,2024-12-01,Male,"+1-582-868-5008x19281, reedsteven@example.com",INS459336
276,Megan,Finley,1945-03-02,Male,"001-728-697-7079x27842, austingrant@example.com",INS784980
277,Karen,Moore,1989-04-10,Other,"876-844-3782, alexis07@example.net",INS409943
278,Kevin,Gallagher,1973-05-09,Other,"257.741.0607x96999, pagedawn@example.net",INS868006
279,Mark,Glass,1968-05-03,Female,"233.320.5318, samanthawagner@example.net",INS198795
280,Robert,Gregory,1965-09-06,Female,"687.291.7902x64557, amanda06@example.net",INS886917
281,Erin,Knight,1958-10-25,Other,"609-511-5207x17023, acostasara@example.com",INS725475
282,Jill,Buchanan,1991-04-05,Female,"843.506.2442, melissa35@example.org",INS365459
283,Randy,Taylor,2006-02-13,Other,"(331)921-8460, njohnson@example.org",INS563828
284,Larry,Edwards,2011-02-16,Other,"+1-845-625-4203x2541, williamhall@example.org",INS431501
285,Anthony,Jackson,1987-10-12,Other,"+1-750-581-9279, woodmichael@example.net",INS234613
286,Anne,Henderson,1946-10-26,Female,"384.555.8411x45215, efernandez@example.com",INS830171
287,Christian,Chavez,1958-10-27,Other,"6635008430, delgadoluke@example.com",INS349395
288,Brian,Harris,1996-01-14,Male,"001-451-820-2176x08490, bryce63@example.org",INS564873
289,Randall,Tucker,1959-09-20,Female,"463-731-3343x3623, dianehamilton@example.org",INS493922
290,Caroline,West,1939-12-26,Male,"2604126824, jasonturner@example.net",INS668925
291,Scott,Cox,1997-04-30,Male,"4305063112, hclayton@example.net",INS252130
292,Tina,Gamble,2020-01-29,Male,"(715)366-9896x8808, riveralee@example.net",INS413308
293,Erin,Tran,2001-03-06,Other,"610-515-8201x1158, melindamiller@example.com",INS713002
294,Keith,Dougherty,1952-03-19,Other,"001-430-814-0563x4480, william18@example.net",INS379287
295,Alan,Bowen,2024-09-16,Female,"225.598.9608x798, adam42@example.net",INS436976
296,Mandy,Johnson,2015-04-21,Female,"(901)436-6802x455, petermanning@example.com",INS125783
297,Ryan,Romero,1930-06-29,Female,"480-328-3841x7782, wilsonmonica@example.org",INS290631
298,Angela,Porter,2008-06-11,Female,"+1-545-270-4643x8860, jimenezandrew@example.net",INS301765
299,Amy,Burke,2002-06-08,Other,"001-970-206-5147x57811, brownlisa@example.org",INS844878
300,James,Fitzgerald,1968-10-17,Female,"383-585-9878, briancardenas@example.org",INS778392
301,Daniel,Boyer,2024-12-07,Male,"911.787.6909, robertstephenson@example.net",INS345435
302,Bethany,Smith,1977-06-16,Male,"001-805-486-0320, craig58@example.com",INS896776
303,James,Miranda,1925-08-12,Other,"(312)539-8351, cgoodman@example.net",INS248638
304,Barbara,Wood,1981-01-14,Male,"9326001194, robertomartin@example.com",INS893131
305,Cheryl,Snyder,1958-04-20,Male,"001-203-982-7413x77455, xnorton@example.net",INS35575
306,Karen,Compton,1985-12-08,Male,"001-334-251-2354x7683, anthonyadams@example.net",INS870564
307,Corey,Barker,1946-04-25,Female,"314-970-0989x97244, jessedavis@example.net",INS556262
308,Jaime,Saunders,1977-05-25,Other,"001-473-399-4782x9208, phillip83@example.org",INS817043
309,Dennis,Collins,1942-09-05,Other,"001-876-996-6917, rebecca82@example.org",INS306122
310,Mark,Gonzales,2010-01-16,Female,"+1-312-980-2775x140, kent48@example.com",INS144319
311,Michelle,Burke,2022-09-21,Male,"699.514.2798, aharris@example.net",INS308363
312,Emily,Greene,1996-11-13,Other,"595-830-4583x7966, ibernard@example.com",INS676218
313,Sharon,Foster,1995-04-18,Female,"+1-694-684-4115x90109, williamsjoseph@example.org",INS979884
314,Megan,Mckay,1980-01-18,Other,"001-778-647-0077x4939, joe00@example.com",INS931359
315,Shannon,Castillo,1925-02-08,Male,"283.243.1815x68716, nicholas06@example.com",INS601607
316,Aaron,Marsh,1938-03-16,Male,"+1-603-429-6616x32469, ghuerta@example.org",INS922427
317,Devon,Anthony,1972-02-29,Female,"(855)991-4063x28637, kellygarcia@example.net",INS495602
318,Ashley,Rodriguez,1954-02-12,Male,"001-214-456-7999x123, mark95@example.com",INS386486
319,Matthew,Scott,1971-06-04,Other,"726.472.8723, thogan@example.com",INS307416
320,Rachel,Valentine,1972-08-22,Other,"+1-749-791-2695x2171, marktaylor@example.com",INS24477
321,Sandra,Rogers,1960-02-17,Male,"432.272.6444x237, dwade@example.org",INS280669
322,Dylan,Burch,2014-05-11,Female,"218-583-1975x279, ojames@example.org",INS239052
323,Lisa,Harrington,1944-02-18,Male,"5117837124, joseph29@example.org",INS10889
324,Sara,Rogers,1957-04-15,Male,"001-204-583-2471, karasmith@example.org",INS596249
325,James,Bailey,1980-02-26,Male,"001-315-248-6916, ebowman@example.com",INS79878
326,William,Thomas,1940-01-17,Female,"+1-296-677-6346x1809, yesenia25@example.org",INS593423
327,Joe,Russell,2007-05-17,Other,"436.666.6879, debra69@example.com",INS88585
328,Audrey,Mahoney,1965-05-12,Other,"001-877-637-8671x687, aaron00@example.net",INS603908
329,Katrina,Horn,2007-03-28,Other,"3389389126, seth85@example.net",INS641662
330,Jessica,Jackson,2002-10-17,Female,"+1-674-646-2978x360, elopez@example.org",INS850274
331,Robert,Hutchinson,1981-07-25,Other,"544-377-5731, perryjanet@example.com",INS894715
332,Danielle,Wang,1959-07-08,Other,"(989)458-9338x441, david13@example.org",INS621559
333,Charles,Randolph,1931-09-14,Male,"504-872-7644, erikablackburn@example.com",INS109312
334,Stephanie,Garcia,2016-02-26,Male,"7819995227, rwilliams@example.com",INS924678
335,Marie,Green,2010-12-28,Female,"+1-734-272-6393, dholt@example.net",INS448571
336,Alice,Cummings,1959-06-22,Male,"(826)434-1711, xrush@example.org",INS748269
337,John,Walsh,1929-12-28,Male,"267.947.8667x99022, johnvaughn@example.com",INS907540
338,Nancy,Lambert,1968-05-16,Female,"(765)438-0006, wlove@example.org",INS579129
339,Jennifer,Mcdonald,1946-10-26,Male,"(943)860-3726x36785, bauertheresa@example.org",INS579851
340,Scott,Robertson,1959-09-03,Other,"001-695-238-4959x752, powellmartha@example.net",INS987239
341,Jackie,Vega,1943-04-05,Other,"(712)828-5998x30239, csmith@example.org",INS981280
342,John,Melendez,1926-09-12,Female,"354.800.9537, oballard@example.com",INS615931
343,John,Little,1937-11-09,Female,"549-520-8275, paula68@example.com",INS603351
344,Samantha,Diaz,1947-01-30,Other,"(753)984-5514x02505, ashley24@example.net",INS157166
345,Clayton,Pierce,1996-09-06,Male,"301.758.4922x159, collierjulie@example.com",INS685952
346,Richard,Deleon,1927-08-03,Male,"216-208-2599, cassandra47@example.com",INS966013
347,Jeffrey,Williams,1942-09-14,Other,"475-632-2962x13988, jonesphillip@example.net",INS486937
348,Amanda,Fernandez,1927-12-07,Male,"(259)971-2289x820, oschwartz@example.com",INS866694
349,Emily,Cain,2023-07-01,Female,"+1-443-931-5329, ramirezjohn@example.com",INS240002
350,James,Townsend,2019-02-14,Female,"250-971-2599, juliethomas@example.com",INS889190
351,Lisa,Preston,2025-02-04,Female,"985.210.9493, callahanmonica@example.org",INS100802
352,David,Martin,2005-10-06,Other,"+1-642-768-3707x995, yhayes@example.com",INS179218
353,Matthew,Wagner,1998-09-18,Other,"(704)837-6424x82354, steven96@example.com",INS215178
354,Joseph,Daniel,2009-02-11,Male,"+1-919-515-1647x4008, shelby35@example.com",INS475138
355,Jennifer,Simmons,1956-02-05,Other,"338.984.6728x5013, luis33@example.net",INS465811
356,James,Alexander,1996-11-23,Female,"6367368217, rodgersjames@example.com",INS783615
357,Amy,May,1966-07-10,Male,"001-583-259-1012x79694, wfrench@example.com",INS424707
358,Lindsay,Gonzalez,1995-01-10,Female,"+1-508-360-9890, blakeoneal@example.org",INS492654
359,Melissa,Mendoza,1937-01-10,Male,"9113326736, zstewart@example.com",INS43730
360,Adrienne,Butler,1936-07-30,Female,"539.948.3776x798, vincentgreen@example.org",INS202781
361,Michele,Barber,1997-12-22,Other,"(673)569-4205x4338, carradrienne@example.org",INS842088
362,Michael,Johnson,1936-11-16,Male,"+1-277-735-9494x099, nschultz@example.org",INS393491
363,Jesse,Haas,1990-04-18,Female,"001-577-836-5757x14942, davidvaldez@example.org",INS104508
364,Samantha,Willis,2000-02-03,Male,"803-367-0420, jasminsosa@example.org",INS610916
365,Jeffrey,Medina,2013-09-25,Other,"953-417-1913, troy97@example.com",INS859237
366,Victoria,Sullivan,1941-03-11,Other,"+1-674-496-2391x111, melissa96@example.org",INS614829
367,Kelli,Avery,1997-03-08,Other,"7707741510, suzanne38@example.org",INS602841
368,Stephanie,Brown,1995-03-14,Male,"+1-842-887-5625x705, lortega@example.org",INS188667
369,Joseph,White,1944-05-04,Male,"(504)235-1441, manuel18@example.org",INS928710
370,Amber,Figueroa,1932-02-16,Other,"944.219.1067x1279, oliviaporter@example.net",INS141732
371,Christopher,Smith,1977-07-09,Other,"8827742612, lewisshirley@example.com",INS391749
372,Mark,Woods,2020-07-01,Male,"8285542659, jason80@example.net",INS450637
373,Scott,Massey,1969-03-01,Female,"001-548-904-1599x5899, pfleming@example.com",INS916357
374,Becky,Clark,1972-05-16,Male,"(218)242-9779x750, browntammy@example.net",INS563737
375,Mary,Cunningham,1983-08-08,Male,"319-795-6835, lauren77@example.org",INS176174
376,Courtney,Mcguire,1994-10-14,Other,"+1-636-462-2058x3162, kristinarodriguez@example.org",INS215511
377,Jennifer,Weaver,1974-06-26,Male,"+1-357-834-8794x543, kimchristopher@example.org",INS701013
378,Edgar,Miller,2022-04-06,Other,"+1-439-952-7994x1189, montoyakaitlin@example.net",INS681424
379,Ronnie,Robinson,2024-02-19,Other,"001-805-808-9135x84863, stewartalexis@example.net",INS281204
380,John,Alvarez,1969-03-27,Male,"(813)238-6981x08045, huntlisa@example.com",INS138715
381,Mackenzie,Jones,1933-11-29,Male,"453-875-2300, lawrence27@example.net",INS372323
382,Tina,Sanchez,2004-03-02,Male,"+1-728-635-9576x0273, harveykenneth@example.com",INS637635
383,Samantha,Woods,1982-03-20,Female,"001-437-787-6061, samantha12@example.net",INS190563
384,Kelly,Smith,1939-08-31,Other,"215-792-0340, vhamilton@example.com",INS321437
385,Sonya,Castaneda,2013-09-16,Female,"001-695-372-7847x61037, srodriguez@example.org",INS678592
386,Amanda,Rangel,2015-09-30,Male,"+1-298-610-7071x8815, watkinsjeremy@example.com",INS583938
387,Lisa,Alexander,2014-01-01,Other,"929.705.2185x977, angeladurham@example.net",INS44318
388,Heidi,Farrell,1998-06-30,Female,"001-283-951-9589x673, katelyndavis@example.net",INS61894
389,Andrea,Ferguson,2006-06-23,Male,"+1-618-770-2548x053, susan12@example.net",INS94355
390,David,Meadows,1973-04-08,Other,"7197343566, dianamorrow@example.com",INS405179
391,Shawn,Morris,1924-11-29,Male,"(809)420-7457x6387, tmccall@example.org",INS122498
392,Rebecca,Davis,1956-11-21,Female,"(809)412-1764, swatts@example.com",INS590687
393,Matthew,Madden,1981-06-28,Female,"(333)775-9532x17000, sara53@example.net",INS172407
394,Tammy,Elliott,2004-06-26,Male,"(621)926-0495, codymendez@example.org",INS991306
395,Anthony,Turner,1943-02-06,Male,"+1-974-911-6962x990, allison50@example.net",INS78007
396,Brittany,Young,1989-09-15,Male,"001-554-474-3466, turnerjennifer@example.org",INS755877
397,Anthony,Floyd,1930-03-25,Female,"(975)306-0559, maloneconnie@example.net",INS723806
398,Leslie,Dorsey,1958-05-26,Female,"+1-696-290-7374x099, chelsea56@example.net",INS354525
399,Alicia,Crawford,1955-04-04,Other,"419.534.4652x788, thomaslyons@example.net",INS791669
400,Alyssa,Jordan,2019-06-13,Other,"+1-238-940-2556x90195, jamescooper@example.org",INS611868
401,Samantha,Davis,1947-08-04,Male,"779.447.1072x69520, geraldtaylor@example.com",INS853868
402,Paul,King,1953-01-19,Female,"3147906425, washingtonelizabeth@example.com",INS401253
403,Bobby,Jones,1998-11-19,Male,"(966)468-8856x486, albert75@example.net",INS432837
404,Christine,Gordon,1936-11-29,Male,"7357238710, priceantonio@example.org",INS542140
405,Teresa,Holmes,1978-03-01,Male,"227-751-6509x23453, zthompson@example.org",INS347457
406,Susan,Bennett,1994-07-30,Female,"354-299-4290, kimberlythompson@example.org",INS98877
407,Audrey,Stone,1960-08-19,Female,"+1-455-836-2684, kramerjose@example.com",INS533366
408,Justin,Clements,1934-03-21,Male,"793-871-7990x45651, christopher88@example.org",INS230402
409,Meredith,Fisher,1925-09-12,Female,"001-322-672-9850, warnercarl@example.net",INS760255
410,Elijah,Chase,2009-07-06,Female,"(791)249-8005x7821, diane39@example.net",INS904386
411,Brian,Smith,2014-05-23,Other,"(475)362-9150x26529, znorris@example.com",INS471026
412,Juan,Gonzalez,2017-05-23,Other,"+1-563-982-0060x0151, manuel96@example.org",INS774605
413,Timothy,Brown,1975-10-05,Female,"(661)316-1663x64511, nsims@example.net",INS13220
414,Rhonda,Haynes,1928-02-18,Male,"(674)750-3844x946, sara23@example.com",INS240218
415,Stacy,Thompson,1954-09-03,Male,"928.741.8230x6521, annalopez@example.org",INS738548
416,Angela,Hurley,1992-01-04,Female,"(238)269-1209, dwaynewagner@example.net",INS997885
417,Kevin,Garcia,1945-03-12,Other,"001-675-785-0866, patricia62@example.net",INS384646
418,Austin,Dickson,1945-10-26,Other,"364-225-6818, erica58@example.org",INS573131
419,Ryan,Scott,2005-04-11,Other,"(877)947-9721, heathersmith@example.net",INS24220
420,Michelle,White,2019-07-01,Female,"594-986-9704, michaelnichols@example.org",INS681656
421,Cynthia,Thompson,2007-07-29,Female,"4445674875, dbryant@example.net",INS507130
422,Matthew,Howell,1974-02-20,Female,"(503)320-8778x13497, cpitts@example.net",INS381967
423,Nicole,Mccann,1941-11-19,Male,"(739)858-4600, oneal@example.com",INS353568
424,Lynn,Parks,1971-12-16,Male,"(574)305-4230, pamelathomas@example.com",INS205836
425,Brett,Cantu,1996-07-09,Male,"524-839-3154, susan81@example.net",INS816301
426,Rachel,Brooks,1962-11-12,Male,"315-689-4597x3095, mooredeborah@example.net",INS698736
427,David,Caldwell,1963-08-17,Female,"001-893-999-9353, scottpeterson@example.net",INS330765
428,Emily,Schwartz,1964-03-26,Male,"+1-839-720-3797x803, acampbell@example.net",INS514178
429,Jennifer,Johnson,1977-10-16,Male,"465.724.1524x16666, john67@example.com",INS55275
430,Donna,Vazquez,2025-03-22,Male,"(463)571-0740x7895, umartinez@example.net",INS314734
431,Jay,Bridges,1997-02-06,Other,"685.229.7869x1635, richard79@example.org",INS946954
432,Shannon,Parker,1977-04-22,Female,"745-674-4738, hammondpaul@example.com",INS445064
433,Natalie,Woodard,1924-12-19,Other,"674-664-9118x7373, david81@example.com",INS214758
434,Richard,Lester,1942-05-22,Other,"542.649.5566x19010, dianashaw@example.org",INS868129
435,Teresa,Bonilla,1928-07-23,Other,"(891)745-7503, jonesallison@example.net",INS82278
436,Levi,Walter,1929-03-21,Female,"737-360-0379x183, grahamthomas@example.com",INS731034
437,Caitlin,Wilkinson,1930-03-26,Male,"702-939-3466x99844, ianderson@example.net",INS429272
438,William,Allen,1965-10-19,Other,"494.249.4553x6280, scottallen@example.net",INS576542
439,Tiffany,Stewart,1937-12-29,Male,"(301)399-4715, pooleelizabeth@example.org",INS172866
440,Melissa,Sharp,1925-07-12,Female,"(844)712-1404x5398, irobinson@example.net",INS311440
441,Anna,Smith,1994-02-26,Male,"001-462-378-0275x115, wmaxwell@example.com",INS57966
442,Kenneth,Campbell,2023-10-20,Other,"001-834-341-0268x969, ingramana@example.com",INS934984
443,James,Carrillo,1940-06-21,Female,"(387)399-7695x0098, michael40@example.net",INS333794
444,Stephanie,Hartman,1994-08-10,Male,"699-524-1736x1294, psolis@example.org",INS368401
445,Collin,Griffith,1946-09-12,Other,"001-931-347-9471, hcampbell@example.org",INS263070
446,Jonathan,Mccoy,1939-09-14,Other,"(410)609-0130x0563, monicaburke@example.net",INS591801
447,Andrew,Silva,1978-06-05,Male,"(596)446-5738x1086, burtonmegan@example.net",INS48398
448,Teresa,Wang,1980-03-06,Other,"557-992-4375x872, stewartkenneth@example.net",INS491640
449,Thomas,Keller,1927-07-18,Male,"370-280-5379, turnertammy@example.org",INS849414
450,Jason,Fischer,1932-09-28,Male,"810.360.5885, smithabigail@example.net",INS759532
451,David,Ho,1977-04-22,Other,"(998)291-8423, scott47@example.net",INS714035
452,Robert,Solis,1936-11-04,Male,"452.649.4560x4445, johnsonpatricia@example.org",INS157483
453,Andrew,Clark,1955-02-22,Female,"502-559-1045x805, gordonnicole@example.net",INS993761
454,Nathan,Lopez,1935-03-07,Female,"001-575-732-1088x4378, connie73@example.net",INS557627
455,Denise,Phillips,1987-04-20,Female,"001-554-897-8262, david24@example.com",INS172301
456,John,Wells,1979-06-16,Male,"001-761-273-8220x312, boothmichael@example.net",INS790747
457,David,Clark,1930-12-07,Female,"(786)351-2830x320, johnbeltran@example.net",INS758295
458,Kayla,Banks,2014-03-29,Female,"614.594.0522x51007, igonzalez@example.com",INS251345
459,Theresa,Thornton,1971-04-25,Male,"+1-536-288-3200x7090, spencerandrew@example.com",INS293498
460,Mathew,Smith,1977-10-30,Other,"(789)205-0918x78431, stanleylarson@example.com",INS952642
461,James,Williams,1948-05-18,Female,"+1-472-738-7536x295, kbowers@example.com",INS84920
462,Lawrence,Santiago,2005-12-02,Other,"623-495-5612x56678, upatterson@example.org",INS649733
463,Melissa,Cohen,1944-05-31,Male,"6385276088, george76@example.org",INS917383
464,Jennifer,Smith,2000-04-03,Other,"830.635.9310, warrenmichelle@example.com",INS981484
465,Todd,Miles,1947-02-23,Male,"576-232-1733, santosjoe@example.org",INS266893
466,Brandon,Oneal,2022-02-09,Other,"848.805.8796, stephaniemcclain@example.org",INS254180
467,Alexandra,Manning,1976-12-27,Other,"+1-969-920-3971x4547, ortiznicole@example.net",INS493950
468,Frank,Harper,1982-11-05,Other,"001-313-461-2135x808, scott04@example.net",INS986473
469,Stacey,Henry,2005-10-15,Other,"001-713-686-8593x6598, lauren89@example.org",INS770537
470,Michael,Wolf,1935-06-25,Other,"2446770289, brittney49@example.com",INS497902
471,Connie,Williams,1984-01-15,Female,"001-230-838-8494x94201, privers@example.org",INS733983
472,Tim,Scott,1947-10-06,Female,"001-220-457-7586x274, bennettrebecca@example.com",INS844110
473,Tyler,Smith,1930-08-18,Male,"222-722-3002, johnsonchristopher@example.net",INS297761
474,Ryan,Pennington,1976-04-07,Male,"732.727.0296, asmith@example.com",INS638
475,Patty,Hall,1950-02-11,Female,"001-996-601-1059x2854, webbbrian@example.org",INS826129
476,Matthew,Collins,2004-02-25,Female,"(250)753-4495x9379, rroberts@example.org",INS844149
477,Janet,Chan,2009-10-25,Female,"483-288-6110, daniel18@example.org",INS356818
478,Laura,Beasley,1971-02-02,Female,"636.935.2695, kimberlyhardy@example.com",INS139577
479,Margaret,Porter,1964-03-18,Other,"+1-408-798-1944x89522, murphymark@example.org",INS56223
480,Ryan,Baker,2025-03-27,Female,"6434794611, brianna63@example.net",INS870277
481,Evelyn,Moody,2007-08-20,Other,"9016460364, jhines@example.org",INS435523
482,John,Ferguson,1952-11-04,Male,"(541)243-7250, paula69@example.com",INS352990
483,William,Davis,2020-03-20,Other,"+1-855-581-0852, brittanysmith@example.com",INS629695
484,Jenna,Warren,1956-03-29,Other,"2279690161, larryjohnson@example.net",INS535663
485,Nancy,Sims,1948-10-11,Other,"974.845.8595x467, jeremy36@example.org",INS998522
486,Jill,Bush,2015-09-29,Other,"457.519.6858, andrewkirby@example.net",INS437578
487,Amy,Levine,1989-05-01,Male,"(352)760-6190x903, loristanley@example.org",INS869963
488,Jason,Miller,1996-01-20,Male,"994.327.4586x50347, jeffreycarlson@example.org",INS738932
489,Ronald,Woods,1960-08-26,Other,"(274)829-7157x16449, miranda95@example.org",INS837503
490,Mitchell,Powers,1924-05-28,Other,"4593677449, philip61@example.org",INS461186
491,Amanda,Stark,1985-03-20,Female,"001-655-952-0399x535, qlyons@example.org",INS760008
492,Jennifer,Olsen,2005-05-08,Male,"(210)890-3475x801, jeanchen@example.net",INS169848
493,Alexander,Tyler,1981-12-03,Female,"001-501-223-5831x5425, brownjames@example.com",INS618301
494,Melissa,Peterson,1932-11-06,Other,"001-517-602-6488, dmarshall@example.com",INS363800
495,Brittany,Berry,1988-03-09,Male,"001-562-365-1697, berryandrew@example.org",INS734070
496,John,Wallace,1985-02-12,Female,"+1-741-921-0969x5479, uchaney@example.com",INS322228
497,Robert,Reynolds,1928-05-25,Other,"(536)834-7492x5959, rcurtis@example.net",INS212390
498,Yolanda,Jones,1995-09-27,Other,"+1-356-616-8190x3052, ynguyen@example.net",INS447675
499,Emily,Johnson,1957-03-23,Other,"(754)349-8720x175, jasonjensen@example.org",INS218968
500,Erin,Perez,2010-01-22,Female,"996-730-8728, amberrobinson@example.com",INS917410
501,Allen,Green,1989-06-21,Male,"769-298-9790x316, thomasrachel@example.org",INS467270
502,Jessica,Ortiz,1930-09-21,Male,"841-216-1084, vanderson@example.org",INS397103
503,Justin,Terry,2014-05-02,Female,"001-457-365-4260x221, thomas71@example.org",INS667246
504,Alexander,Hubbard,2020-04-23,Male,"950-247-0108x59369, owensrichard@example.net",INS664486
505,Christie,Fernandez,1994-06-10,Male,"892.815.4784, jamieperkins@example.net",INS73042
506,Tiffany,Robbins,1993-12-21,Male,"698-215-2389x45133, joanne86@example.com",INS300778
507,Debbie,Hale,1991-07-30,Male,"+1-452-661-7497x11258, ocook@example.org",INS431118
508,James,Foster,1986-09-15,Male,"6692791155, rogersmark@example.com",INS847221
509,Michael,Richards,1952-05-08,Female,"7172580135, cynthiahayes@example.com",INS227752
510,Kayla,Arias,1924-04-17,Other,"651-438-1892x536, garciasheri@example.org",INS161569
511,James,Bender,2014-01-07,Other,"+1-517-868-8191, kgates@example.net",INS302296
512,Steven,Carrillo,1988-03-24,Other,"001-584-934-2372, richardmoore@example.org",INS660949
513,Megan,Parker,1992-08-31,Male,"(329)631-7013x613, ggreen@example.net",INS591106
514,Charlene,Gonzales,1936-06-29,Other,"+1-675-206-2775x23535, nancy20@example.org",INS679804
515,Katelyn,Lucas,1970-10-01,Female,"(411)223-7966, joshua52@example.com",INS546558
516,Michael,Newton,1934-12-08,Female,"665.575.5245, rosechristopher@example.net",INS53701
517,Amanda,Beasley,1938-03-07,Other,"841-809-3133, marklloyd@example.net",INS54763
518,Leah,Roberts,1971-03-18,Male,"731-389-5773, miguelkoch@example.org",INS525908
519,Becky,Phelps,1931-10-16,Male,"773.835.3756x8248, timothycompton@example.org",INS4191
520,Eric,Andersen,2023-09-14,Male,"+1-950-341-7849x53309, andersonzachary@example.com",INS867778
521,Jeremiah,Delgado,1984-03-22,Other,"969.989.1376, nicholas05@example.com",INS367703
522,Carrie,Taylor,2021-10-30,Other,"+1-473-714-4619x693, julieevans@example.com",INS696098
523,Nicholas,Cooper,1968-08-11,Other,"7952200510, xclark@example.com",INS511172
524,Eric,Morales,1933-01-07,Male,"976-497-1096, brent52@example.com",INS913758
525,Shelia,Knight,1953-04-13,Other,"(889)952-7917, zgarcia@example.org",INS167569
526,Joshua,Carter,1938-01-26,Female,"001-447-815-2485x1298, pamela49@example.org",INS671883
527,James,Powell,1954-04-03,Male,"9437204856, michaelmurphy@example.org",INS34183
528,Andrea,Houston,2023-09-14,Female,"405-971-6791x2662, sharpmarc@example.net",INS548645
529,Elaine,Flowers,1976-08-04,Other,"+1-609-635-6104x64196, joshua04@example.com",INS760650
530,Patrick,Lang,1958-12-04,Other,"451-831-1308, cynthia55@example.org",INS265797
531,Tracy,Sims,1995-06-14,Female,"+1-579-626-0714x5049, johnwarren@example.net",INS417089
532,Nathaniel,Howard,1925-06-03,Female,"8967547392, leslie20@example.org",INS12773
533,Joann,Larsen,1974-03-14,Male,"(217)590-8038x6975, kellis@example.com",INS366382
534,Cynthia,Franklin,1946-03-08,Female,"001-943-294-0277x915, leahtrujillo@example.net",INS392112
535,Beth,Bradley,1998-10-15,Female,"522-636-5422, madelineanderson@example.com",INS957721
536,Erica,Farley,1944-10-07,Female,"001-735-790-7395, hortega@example.com",INS822592
537,Michael,Lambert,1926-05-21,Other,"688.525.0190x95866, barbara81@example.org",INS618146
538,Meagan,Harris,1937-03-29,Female,"2418268455, fdougherty@example.net",INS136370
539,William,Cruz,1975-12-03,Female,"001-221-607-6630x816, matthew94@example.com",INS291064
540,Richard,Pennington,2017-08-07,Other,"(742)907-6403x6434, kelly01@example.com",INS137894
541,Charles,Flores,2018-06-25,Male,"(224)529-1195, jsmith@example.org",INS507330
542,Michael,Mack,1933-06-22,Male,"453-750-8163x21840, staceykent@example.net",INS885245
543,Kyle,Lawrence,1968-12-11,Other,"907-762-4993x45099, welchcheryl@example.net",INS827471
544,Wendy,Mcdaniel,2001-12-27,Other,"+1-698-705-4075x16239, elizabethwilliams@example.net",INS366314
545,Kathy,Osborne,2004-10-03,Other,"+1-705-404-1976x870, patricia62@example.org",INS461446
546,David,Scott,2012-04-17,Male,"686.233.5413x672, cory83@example.org",INS764454
547,Antonio,Williams,1969-06-17,Female,"001-217-417-2114x859, aguilaranita@example.com",INS486228
548,Brian,Warren,1977-09-10,Male,"632.793.5572x875, brownnatalie@example.com",INS947204
549,Mary,Swanson,1926-03-16,Male,"001-298-230-6736x746, franklin67@example.net",INS707402
550,Joseph,Stephens,2007-03-12,Other,"001-322-285-4646, mackenziekirk@example.net",INS576671
551,Joseph,Carroll,1992-06-30,Other,"(690)853-3829, elizabeth49@example.com",INS275387
552,Donna,Sims,1932-08-06,Male,"589-266-5945x52973, rebekahevans@example.net",INS519048
553,Cindy,Williams,1988-10-17,Male,"001-589-605-0292x4539, rknight@example.net",INS391222
554,Laura,Smith,1986-10-12,Female,"3417543937, foxjoshua@example.net",INS956903
555,Matthew,Collins,1962-05-23,Female,"001-367-688-2725x496, betty98@example.com",INS841150
556,Robert,Steele,2023-12-04,Female,"523.616.9344x7981, donna37@example.org",INS794503
557,William,Tate,2024-03-13,Male,"001-231-346-8846x498, virginiagallegos@example.org",INS881889
558,Lisa,Bowen,1942-04-27,Female,"001-485-847-4275x16392, wrightjonathan@example.net",INS965467
559,Deborah,Parks,1948-02-11,Other,"692.433.7279, ariaswilliam@example.org",INS974827
560,Craig,Johnson,2011-07-09,Other,"678-748-2844x30824, pjackson@example.org",INS342616
561,Joshua,Black,1965-11-23,Male,"275.312.0158, tsmith@example.com",INS976601
562,Harold,James,1986-05-01,Other,"741-261-3834, tracey12@example.net",INS543122
563,Heidi,Munoz,1957-11-06,Male,"001-756-782-8951x40035, ryanparks@example.net",INS659329
564,Joyce,Anderson,2006-04-28,Male,"+1-805-426-0847x4508, hernandezrobert@example.com",INS452915
565,Benjamin,Shaw,1970-11-21,Female,"5833925950, ngarrett@example.org",INS930636
566,Susan,Marshall,1995-08-16,Other,"(462)895-0897x500, sarah57@example.net",INS354167
567,Loretta,Mccann,1930-08-14,Female,"001-650-227-1873x490, mccoychristopher@example.net",INS138078
568,Mark,Schwartz,1979-12-01,Female,"+1-268-770-0044, stephanie99@example.com",INS844546
569,Alexandra,White,1972-11-01,Male,"(606)213-3063x63317, anthonybooth@example.org",INS551248
570,Kenneth,Smith,1945-12-16,Female,"001-989-491-2083x7783, xhutchinson@example.com",INS709073
571,Barbara,Rojas,1936-04-25,Male,"872-670-4113x888, mariobrady@example.com",INS365017
572,Katelyn,Gross,1964-03-03,Male,"340.998.2188x5029, griffithshannon@example.org",INS148716
573,Belinda,Quinn,2013-02-13,Female,"(576)310-1824x735, maria12@example.net",INS113595
574,Nicole,Nelson,1975-07-29,Female,"(880)763-5423x298, kevin43@example.org",INS17956
575,Jon,Conley,2010-03-24,Male,"8762205485, kenneth70@example.net",INS474227
576,Amanda,Hoffman,1924-09-26,Other,"001-357-599-2759x318, natasha78@example.org",INS875641
577,Michelle,Lyons,1996-12-17,Female,"487-761-3026, ellensmith@example.org",INS82768
578,Austin,Rogers,1936-06-22,Other,"975-926-5392, alexabenson@example.org",INS15424
579,Shaun,Juarez,2022-07-08,Other,"604-559-5097x364, millerlaura@example.net",INS418923
580,Jason,Castro,1947-06-11,Male,"001-749-697-5086x8353, xmiller@example.net",INS640063
581,Thomas,Smith,1976-09-09,Female,"213.931.3614x4505, brian61@example.net",INS240401
582,Katherine,Beck,2010-01-11,Male,"+1-874-604-3121, susan54@example.net",INS945108
583,Jasmine,Payne,1947-05-28,Male,"(721)833-5974x14120, xramsey@example.net",INS208554
584,Deborah,Booth,2011-08-08,Other,"001-662-288-3209x2663, lawrencerobert@example.com",INS65193
585,Ronald,Hernandez,1928-07-21,Male,"944.938.8134x22963, walterslisa@example.com",INS730122
586,Nicole,Cruz,1931-07-25,Female,"573-344-6453x3380, christina80@example.org",INS95943
587,Eric,Parker,1963-02-04,Other,"+1-938-325-6341x929, tmitchell@example.org",INS111737
588,Nicholas,Willis,1931-06-10,Female,"942-544-6096, fmoore@example.com",INS230201
589,Anthony,Sanchez,1964-07-26,Other,"948.321.6693x23667, carlos28@example.com",INS651416
590,Cynthia,Thompson,2003-04-30,Other,"001-200-246-3899x3726, tlopez@example.com",INS697018
591,Evelyn,Richards,1963-10-17,Male,"687.883.4189x1738, cesarayala@example.net",INS698714
592,Sharon,Mason,2012-09-27,Male,"(784)478-3014, rogerbell@example.net",INS116734
593,Martin,Murray,1940-07-24,Other,"223-201-1666x1974, montgomerystephanie@example.com",INS390182
594,Heather,Wall,1984-03-09,Other,"949-679-4943, erica27@example.net",INS25133
595,Elizabeth,Vincent,1959-08-27,Female,"489.324.3558x859, emilysnyder@example.com",INS261071
596,Steven,Patrick,2012-10-17,Female,"831-459-9922, reyeskevin@example.net",INS725863
597,Jessica,Hall,1967-04-11,Male,"403-621-5835x9698, watsonjulie@example.org",INS722867
598,Robert,Levy,1977-04-21,Other,"001-769-366-5243x437, pbell@example.net",INS764249
599,Lisa,Anthony,2022-01-20,Other,"(929)212-3540, vanessa02@example.com",INS331638
600,Michelle,Compton,1982-12-26,Other,"001-904-817-9910x62862, gturner@example.com",INS475265
601,Richard,Washington,1977-11-07,Other,"(246)206-5809, hector80@example.com",INS770599
602,Cheyenne,Moody,1958-06-20,Male,"(616)893-0163x145, joseph30@example.com",INS889559
603,Mary,Jordan,1995-08-05,Other,"419.648.7350, thomastaylor@example.net",INS307504
604,Christine,Blake,2023-12-13,Male,"(281)588-1087, vmurray@example.net",INS149761
605,Alex,Brown,1924-06-30,Female,"001-492-895-1662x98805, crystalcox@example.net",INS298446
606,Johnny,Walter,1970-06-14,Female,"445-244-6253x4016, umiller@example.net",INS81885
607,Lisa,Rhodes,2024-11-26,Male,"304.606.3298x964, jessicaaguilar@example.org",INS201521
608,Mark,Daniels,1970-04-12,Male,"323.460.2444, hallmarie@example.org",INS155364
609,Sophia,Decker,1960-07-13,Female,"951-342-8971x97823, kristinmccullough@example.net",INS635431
610,Jenna,Tate,1942-02-04,Male,"(984)845-3785x3273, mikerojas@example.org",INS113947
611,Patricia,Johnson,2009-10-04,Male,"(311)433-8730, nicole22@example.com",INS660947
612,Nicole,Salazar,1931-05-15,Male,"877.539.4070, ezhang@example.com",INS662971
613,Dennis,Porter,1974-03-18,Male,"001-745-330-3953, zfoster@example.org",INS400623
614,Jason,Torres,1930-03-09,Other,"8762789674, emilyweiss@example.com",INS893518
615,Robert,Jones,1925-12-03,Other,"4564953935, plang@example.net",INS752372
616,Brady,Rich,1948-08-29,Other,"+1-702-601-1560x2929, sarahalvarado@example.net",INS31443
617,Regina,Hernandez,1978-02-23,Male,"838-233-2515, amber87@example.com",INS653140
618,Sarah,Norris,2008-09-12,Male,"716.943.3605x00735, smithmegan@example.net",INS69923
619,Felicia,Wilson,1979-11-28,Male,"001-579-234-7123x18421, pearsonsara@example.org",INS376040
620,Peter,Kerr,2010-01-10,Male,"001-634-945-6970x536, maddoxsherry@example.org",INS648563
621,Nathan,Barr,1928-08-23,Female,"691.712.3884x50353, pchoi@example.org",INS763233
622,Deborah,Smith,1964-04-05,Female,"001-228-852-0345x06233, johnmejia@example.net",INS532787
623,Amanda,Gregory,1975-03-08,Female,"(710)751-0799, zbaker@example.org",INS895822
624,Linda,White,2020-10-31,Female,"620.479.6467x475, barbara09@example.org",INS421273
625,Lance,Ryan,1978-10-01,Other,"285.722.0298x85010, robert60@example.com",INS898077
626,Austin,Young,2005-04-08,Female,"001-273-547-6118x87678, paul98@example.com",INS224419
627,Douglas,Figueroa,2015-11-19,Other,"(588)776-9710, robertstracy@example.net",INS474120
628,Jacob,Rivera,1935-12-30,Male,"+1-994-366-2594x356, joneskelly@example.net",INS483147
629,Alexis,Anderson,1965-07-20,Female,"+1-845-361-5195x837, virginiaanthony@example.com",INS99204
630,Shannon,Baker,1969-09-27,Other,"001-604-957-9581x53878, deckercrystal@example.org",INS869199
631,Sarah,Harrison,1980-01-02,Female,"(680)724-7767, richard05@example.org",INS162546
632,Cynthia,Edwards,1969-11-23,Female,"994.352.7146x8858, barmstrong@example.com",INS505439
633,Jack,Lewis,1976-10-24,Other,"001-541-329-1263x6432, christina66@example.org",INS255880
634,Steve,Garcia,1962-05-03,Female,"418-850-1470, elizabethmoran@example.net",INS559908
635,Andrew,Brooks,2008-12-11,Other,"949.465.1415x9549, bakergrace@example.net",INS910411
636,Jessica,Contreras,2008-03-25,Female,"(650)586-2613x5613, jacobsjohn@example.org",INS236847
637,Kristina,Moore,1960-01-12,Male,"(850)962-7313x8008, millsmichelle@example.com",INS625225
638,Matthew,Orr,1926-05-31,Other,"+1-507-209-8940x73053, johnathansmith@example.org",INS109368
639,Anthony,Jones,2023-01-28,Female,"8443783315, robinsonvictoria@example.net",INS286943
640,Nicole,Walton,1997-03-09,Male,"260-947-2297x23660, xhancock@example.org",INS730958
641,Drew,Obrien,1934-09-27,Male,"(848)810-9035, tracimendez@example.net",INS295965
642,Robert,Summers,1964-12-27,Female,"(574)299-7509, yhodges@example.org",INS200266
643,Sarah,Serrano,1957-02-26,Female,"483-987-8860, jesseshah@example.org",INS692357
644,Donna,Cochran,1979-11-27,Male,"001-429-542-7479x51453, bstevens@example.net",INS963677
645,Paul,Fleming,1943-01-04,Female,"534-465-8852, rodgersjames@example.net",INS958033
646,Derek,Garcia,1995-06-22,Other,"958-684-5381x535, davidrobbins@example.com",INS358381
647,Mark,Osborne,1943-05-22,Other,"+1-651-723-9948, melissapitts@example.com",INS398368
648,James,Romero,1978-05-21,Other,"001-992-729-3697x02703, davisjerry@example.com",INS825952
649,Crystal,Brown,1986-06-19,Female,"(314)571-9920, toddbell@example.net",INS388862
650,Cynthia,Macdonald,1979-06-09,Male,"274.584.5612x97278, robert67@example.com",INS515315
651,Kristen,Parsons,1937-03-01,Other,"6467947123, gibsonthomas@example.net",INS220617
652,Alan,Johnson,2023-05-16,Male,"+1-713-253-9362x35618, michael18@example.com",INS815353
653,Jean,Parker,1947-09-18,Male,"8426370808, robin73@example.com",INS709216
654,Stephen,Taylor,1941-04-07,Other,"(895)954-0471x25193, elizabeth28@example.org",INS484876
655,Megan,Johnson,1976-02-04,Other,"+1-660-326-6800, tcunningham@example.org",INS349847
656,Shane,Alvarado,1999-12-27,Male,"001-594-512-3477x708, zbriggs@example.org",INS803526
657,Joseph,Delgado,1953-12-15,Other,"344-600-1967x8391, perezconnie@example.net",INS408415
658,Colton,Watson,1938-01-20,Male,"6989221320, amy61@example.com",INS145379
659,Brian,Scott,1988-12-20,Male,"001-702-977-7941x99441, blackjennifer@example.net",INS292850
660,Kimberly,Brown,1940-12-14,Female,"(763)444-0382, suecraig@example.net",INS351975
661,Carol,Boyd,1938-08-24,Male,"461.836.9312x0544, bknox@example.net",INS513715
662,Alvin,Sullivan,2007-12-07,Other,"+1-507-628-9807x041, whitemelissa@example.net",INS152978
663,Kimberly,Lopez,1942-04-03,Female,"668.699.3190x73080, nathan90@example.net",INS115426
664,Angela,Ray,1973-06-11,Male,"3615866386, edwardcarroll@example.net",INS16390
665,Elizabeth,Dickerson,1989-01-11,Female,"+1-729-841-3074x1451, richmondthomas@example.org",INS208826
666,Christopher,Reed,1962-05-07,Female,"(336)456-4874x6263, jessica75@example.net",INS434305
667,Chelsea,Barron,1954-07-29,Male,"(762)433-2251, stacy00@example.net",INS274418
668,David,Rich,1934-07-21,Male,"001-525-424-8372, nicholas80@example.org",INS157962
669,Denise,Olson,1946-12-15,Male,"805-320-0373x699, woodwardjacob@example.com",INS564390
670,Julian,Luna,1936-03-23,Female,"9174272012, simpsonamanda@example.org",INS134937
671,Michael,Dean,1928-01-08,Male,"001-267-471-7836, colleen87@example.org",INS804920
672,Rodney,Knight,1948-09-27,Other,"754.276.5990, ocervantes@example.com",INS144400
673,Anne,Gray,1951-06-22,Male,"5324241034, daniellove@example.com",INS96085
674,Michael,Woods,2005-12-13,Male,"949.392.5449x2912, rosariodarlene@example.com",INS345606
675,Heidi,Morton,1951-11-04,Female,"001-910-818-3180x15129, jennifer90@example.net",INS916265
676,Stephanie,Sanchez,1939-05-29,Other,"(293)324-0157, adavis@example.org",INS598108
677,Kelly,Foley,2006-10-02,Female,"+1-209-479-6187x6683, ashleyjordan@example.org",INS776302
678,Tyler,Martinez,1937-09-11,Other,"(261)235-9834, meyereric@example.org",INS742361
679,Brian,Smith,2001-05-30,Other,"001-383-880-7121x6705, wallsholly@example.com",INS350666
680,Caroline,Edwards,1990-11-25,Other,"+1-741-647-3761x599, mchandler@example.com",INS69036
681,George,Lewis,1936-08-15,Male,"236-376-7703x3738, juliaruiz@example.com",INS512011
682,Angela,Harris,1973-04-08,Male,"(721)692-6631x5931, emily59@example.net",INS382547
683,Amanda,Keith,1926-10-19,Other,"+1-766-918-8832x4847, jpeterson@example.com",INS776511
684,Oscar,Pace,2024-08-04,Male,"990.824.3653x690, smithpatty@example.net",INS590340
685,Justin,Hanson,1940-03-23,Female,"(467)336-8697x679, morrowjames@example.com",INS513031
686,Victor,Bradley,1962-05-20,Male,"413.452.5880, maxwellrichard@example.com",INS254393
687,Michael,Anderson,2024-01-13,Female,"001-848-333-4404x112, julie80@example.net",INS807478
688,Zachary,Woods,1977-03-23,Other,"(950)542-2965, nataliewatson@example.net",INS770754
689,Sarah,Sanford,1998-10-09,Male,"588-432-5250x3448, christine06@example.com",INS28520
690,Jennifer,Krueger,1941-05-19,Other,"930.508.3417x5472, martinezjulie@example.net",INS934089
691,Sarah,Myers,2002-07-25,Male,"(412)807-4554x531, vmoore@example.com",INS862254
692,Tara,Wells,2013-08-15,Other,"871-380-2401x4915, dhernandez@example.net",INS95193
693,Joshua,Medina,1941-04-27,Female,"(466)654-6318x38018, lee53@example.net",INS528057
694,Melinda,Taylor,2014-11-05,Female,"247.268.3239, chunter@example.com",INS173346
695,Cynthia,Hale,1990-10-27,Female,"(862)411-8792x42507, carrieball@example.org",INS558344
696,Justin,Hoover,1996-04-04,Male,"603-516-0827x1082, egross@example.org",INS906135
697,Cheryl,Ruiz,1944-03-04,Other,"388.651.6110, rmorales@example.net",INS803748
698,Heidi,Schultz,1943-09-20,Other,"+1-954-251-3042, rjohnson@example.net",INS727267
699,Sandra,Cruz,2001-04-19,Other,"(835)295-3606x9685, christinachapman@example.org",INS487562
700,Kelly,Perez,1925-12-14,Female,"001-532-271-6259, christopheryoung@example.net",INS769575
701,Heather,Li,1943-09-07,Female,"+1-606-260-5400x555, brandon23@example.org",INS307990
702,Wendy,Welch,1996-10-09,Male,"+1-656-375-0681x306, wilcoxmichele@example.net",INS764583
703,Allison,Yu,1926-05-28,Female,"(312)651-1821, wangtraci@example.org",INS813666
704,William,Carter,2016-06-18,Female,"(850)932-6855, garciajerry@example.net",INS267229
705,Jeremy,King,2018-09-16,Female,"(666)932-3032x880, jefferywright@example.org",INS471814
706,Summer,Wilson,2011-01-23,Male,"+1-278-389-8095x15317, smithkelsey@example.org",INS529411
707,Helen,Murphy,1962-04-23,Other,"(653)431-8198x48982, holtheather@example.com",INS603095
708,Andrea,Barron,1981-11-24,Male,"614-879-0801, steven32@example.com",INS958429
709,Christina,Sanchez,1955-08-19,Female,"001-699-212-5514, rachel78@example.net",INS417171
710,John,Harmon,1960-03-26,Male,"733.260.3719x9423, ffarmer@example.com",INS56672
711,Ronald,Cobb,2008-09-24,Other,"4388631479, tgoodman@example.com",INS202766
712,Kathryn,Mckinney,1967-08-31,Male,"426-485-4096x0845, williamstimothy@example.org",INS995947
713,Craig,Alexander,1978-04-04,Other,"7735804161, alexis43@example.com",INS678995
714,Andrea,Pearson,1986-03-16,Male,"951-992-2292x3756, cody12@example.org",INS722708
715,Luis,Pitts,2015-07-12,Female,"930.809.7015, rsmith@example.org",INS812354
716,Amy,Dominguez,1965-06-06,Female,"754.394.2194, yvonnesmith@example.org",INS316685
717,Melissa,Nguyen,1945-04-09,Female,"001-286-456-1238, larryreynolds@example.com",INS200463
718,Grace,Chavez,1933-07-03,Male,"917.663.5562x88731, floresdavid@example.net",INS991348
719,Christine,Green,1957-07-06,Female,"244.930.8198x1800, hlam@example.com",INS875766
720,Dennis,Sutton,2005-07-06,Female,"001-357-275-6882, jessicarogers@example.net",INS34444
721,Kathryn,Summers,1985-05-14,Other,"001-672-887-9792x38171, mcmahontaylor@example.org",INS795635
722,Joseph,Gordon,1996-01-05,Female,"543-674-5954x7628, susangreen@example.org",INS803684
723,Shawn,Mccarthy,1947-02-24,Other,"268.569.1576x1220, harrispaul@example.com",INS835910
724,Sheri,Stewart,1997-09-21,Male,"306-961-2854, wpeters@example.org",INS893117
725,Emma,Contreras,2006-10-21,Other,"001-804-592-9832x720, wrightlindsey@example.org",INS497462
726,Daniel,Salazar,2022-04-06,Female,"210-956-3469x546, jose57@example.net",INS12037
727,Todd,Vasquez,1979-12-20,Female,"+1-652-456-7555, rromero@example.net",INS59767
728,Kathleen,Conway,2017-08-23,Female,"+1-362-887-7047, bellis@example.com",INS556797
729,Jim,Kelley,1935-10-03,Male,"(220)384-4904, david74@example.org",INS774294
730,Holly,Macias,1974-08-02,Male,"784.558.4677x416, brandonromero@example.org",INS432181
731,Corey,Johnson,1982-03-29,Female,"726.988.9609, wgray@example.com",INS93531
732,Robert,Odonnell,2021-07-08,Other,"941.279.5553, twhite@example.com",INS77693
733,Brian,Sanders,1998-02-08,Female,"489-845-1592x3030, kylierichardson@example.com",INS31429
734,Regina,Hernandez,1991-05-15,Male,"001-239-289-3876x430, bfleming@example.org",INS228081
735,James,Bush,1958-09-24,Other,"(708)286-7756x6840, williamscynthia@example.org",INS626639
736,Christine,Reid,1933-03-30,Other,"843.738.9857, woodallison@example.org",INS468288
737,George,Evans,2019-03-03,Female,"001-323-485-4761x15969, cperez@example.net",INS588122
738,Paul,Jones,1939-12-21,Male,"478-714-5764, shawnreid@example.org",INS531948
739,Nathaniel,Hoffman,1992-12-01,Male,"001-956-288-5992x491, wilsonpaula@example.com",INS930122
740,Danielle,Ruiz,2009-12-20,Other,"382-848-2318x1899, ebonyshannon@example.com",INS697546
741,Joseph,Martin,2018-11-13,Male,"001-272-584-1155x0491, whitetammy@example.com",INS609329
742,Brian,Daniel,1925-03-27,Male,"(821)541-7401, williamsdrew@example.com",INS189086
743,Chase,Thomas,1964-08-25,Male,"+1-390-277-4067, michaelmyers@example.com",INS73339
744,Kimberly,Lopez,2013-12-07,Male,"+1-483-789-5906x456, traciewarren@example.org",INS168543
745,Catherine,York,1957-11-01,Female,"+1-586-765-7846, rowetonya@example.net",INS960766
746,Gary,Smith,1980-02-21,Other,"397.352.7067, kathryn71@example.com",INS831922
747,Megan,Ryan,1956-08-11,Male,"+1-759-862-5587x6149, mejiacaitlyn@example.com",INS557868
748,Charles,Wallace,1950-10-25,Other,"241-291-8474, douglasthomas@example.net",INS54068
749,Zachary,Morrow,1971-08-12,Female,"3904691402, josephharris@example.com",INS230073
750,Devin,Smith,1929-05-03,Female,"389-413-2628x48861, charlenegalloway@example.net",INS408455
751,Joseph,Harris,1993-09-30,Female,"356-212-8666, jeffersonmark@example.net",INS230335
752,Richard,Valentine,2010-10-06,Female,"(742)674-2499x69847, christinewright@example.com",INS680195
753,Michael,Mcknight,1981-12-07,Female,"001-460-445-6259x85754, johnmorales@example.org",INS538677
754,Jeanne,Cole,1938-05-15,Female,"794.917.1335x9626, campbellkenneth@example.org",INS47627
755,Christine,Higgins,1982-05-31,Female,"001-442-417-1526x95715, qcole@example.net",INS803413
756,Ricardo,Lee,1943-10-15,Other,"001-670-694-8990x4709, kristine93@example.com",INS840802
757,Dana,Haynes,1962-06-06,Female,"+1-371-526-5205x641, nicolesullivan@example.org",INS831148
758,Todd,Faulkner,1943-06-13,Other,"(740)924-4213, clarkmatthew@example.net",INS187824
759,Eric,Nguyen,2020-04-18,Male,"(243)346-4908x55570, courtneyalvarez@example.net",INS206841
760,Kimberly,Smith,1939-01-14,Male,"(511)927-9623x245, glovermichael@example.com",INS180897
761,Tina,Moreno,2024-11-22,Female,"230-671-2915x04701, thutchinson@example.com",INS916284
762,Anne,Payne,1990-01-22,Other,"(297)560-0185, rickey51@example.net",INS639056
763,Carrie,Jennings,2009-01-25,Female,"(282)943-1191x57956, henryamanda@example.com",INS130529
764,Kristen,Jenkins,1991-05-13,Other,"+1-306-565-3319, jackwilliams@example.org",INS62438
765,John,Rowland,1982-10-10,Other,"209-263-5421x79982, teresa24@example.net",INS283256
766,Chad,Harris,1978-11-03,Male,"(638)524-3476x90950, lloydkevin@example.org",INS848647
767,Eric,Wright,2017-03-31,Male,"510.984.5969, walterskyle@example.com",INS251027
768,Tiffany,Vasquez,1952-01-22,Female,"(997)435-2117, sarahgarcia@example.com",INS557172
769,Barbara,Green,1989-07-17,Male,"+1-764-961-1942x8970, matthew21@example.net",INS463257
770,Carla,Maddox,1947-04-04,Other,"(486)349-1236, vanessawillis@example.org",INS192795
771,Angela,Johns,1984-01-15,Female,"648.235.5975, stephen44@example.com",INS693232
772,James,Gomez,1931-09-27,Female,"(225)592-3391x568, lunateresa@example.com",INS820723
773,Carolyn,Haney,1998-04-14,Female,"6562521321, sjensen@example.com",INS38844
774,Todd,Contreras,2019-06-18,Female,"(950)384-9807x398, michellemcclure@example.net",INS214390
775,Brian,Goodman,1989-12-19,Male,"5944927780, browncynthia@example.net",INS834705
776,Kevin,Martinez,1970-01-27,Male,"435-759-6098x197, ian99@example.net",INS678740
777,Roy,Mckenzie,1974-12-23,Female,"402.461.4797, brianwilliams@example.com",INS566206
778,Cynthia,Wilson,1926-08-17,Male,"390-902-0953, ashley92@example.org",INS308729
779,Maria,Moore,2011-05-17,Other,"+1-601-945-5838x70237, katherineguzman@example.org",INS672752
780,Megan,Nash,1943-11-20,Female,"+1-753-404-7095, aaron23@example.net",INS396289
781,Erica,Taylor,2007-10-29,Female,"+1-705-724-1447x63728, bushcassandra@example.net",INS739490
782,Abigail,Carpenter,1998-02-20,Other,"946-941-1218, hbrown@example.org",INS757717
783,Natalie,Valencia,1987-07-23,Female,"628.285.1079, rebeccagomez@example.com",INS266152
784,James,Hines,2015-03-02,Female,"7667870503, qthornton@example.net",INS912861
785,Kimberly,Lozano,1988-05-22,Other,"+1-454-783-1544x5627, rgonzales@example.org",INS856835
786,Shawn,Robinson,1927-04-22,Male,"(282)260-6271x3021, turnermaxwell@example.org",INS307959
787,Mary,Acosta,1990-03-27,Other,"(773)225-8939, ysmith@example.net",INS431704
788,Ashley,Bridges,1925-08-23,Female,"561-923-2296x397, njenkins@example.net",INS987731
789,Perry,Tran,2010-02-11,Female,"001-302-961-9462x370, douglasmcneil@example.com",INS916566
790,Mary,Gutierrez,1930-06-01,Male,"001-985-458-8357x774, jamesmartin@example.org",INS945947
791,Matthew,Williams,1948-08-18,Other,"001-487-597-3906x14195, kylekelly@example.org",INS971794
792,Kayla,Dunn,1933-08-14,Other,"(254)984-9788, lmyers@example.com",INS189142
793,Bradley,Phillips,1972-09-01,Female,"472.284.1902x68751, eric64@example.com",INS133841
794,Jason,Mcmillan,2024-03-01,Other,"876-640-1125, evansrobin@example.com",INS353244
795,Catherine,Brandt,1998-05-16,Male,"+1-989-205-7589, curtis12@example.org",INS744434
796,Joseph,Melton,2009-01-14,Male,"(381)431-3365x7679, gsanders@example.org",INS911045
797,Lynn,Turner,1948-05-15,Other,"(949)976-5125x05961, kimberlyblackburn@example.net",INS186695
798,Toni,Smith,2016-07-06,Male,"+1-883-761-5049, kristinwatson@example.net",INS8803
799,Lisa,Sanders,2016-07-05,Other,"483.695.3291x7538, carmen06@example.com",INS486882
800,Andrea,Allen,1926-10-16,Male,"211.407.8101x6618, brucepeter@example.net",INS595990
801,Sydney,Rosales,1944-03-20,Female,"+1-722-558-4210x12963, bsalas@example.org",INS371793
802,Jennifer,West,1979-09-23,Female,"+1-989-881-6999, mary82@example.net",INS939061
803,Jeffrey,Alexander,1925-08-05,Other,"001-209-850-2865x6249, john34@example.net",INS392728
804,Kimberly,Powell,1935-05-14,Other,"001-726-200-0520x64449, williamstimothy@example.com",INS95242
805,Rebekah,Roberts,2006-09-18,Other,"(290)418-0292x9670, mchang@example.com",INS750575
806,Melissa,Mcgee,2009-08-16,Female,"(370)451-8436x19899, aaronjohnson@example.com",INS673255
807,Julie,Crane,2002-12-23,Female,"(590)341-7069x8403, bradleymichelle@example.com",INS860617
808,Brittany,Harmon,1959-05-26,Female,"001-631-646-7505x7596, dawn89@example.com",INS80708
809,Megan,Castillo,1930-09-30,Female,"(621)884-7692x292, kellychang@example.org",INS210416
810,Jeffrey,Romero,1994-03-04,Other,"770-878-0118, tiffanymann@example.com",INS99824
811,Eric,Hayes,1975-04-11,Male,"436.543.6456x5049, scortez@example.org",INS431168
812,Matthew,Hendrix,1959-05-08,Male,"(824)333-6443, victorglass@example.org",INS47966
813,Donald,Whitehead,1938-05-01,Female,"934.715.6669x5673, alexandria00@example.org",INS74478
814,Tammy,Lloyd,1963-01-18,Other,"2859592675, janicebuckley@example.org",INS729020
815,Andrea,Castillo,1973-10-17,Male,"538.315.9774x855, osbornemichael@example.com",INS448535
816,Zachary,Perez,1960-06-22,Other,"904-733-5496x81567, tbarnes@example.com",INS924758
817,William,Carter,1948-02-07,Female,"+1-381-455-1829, hjimenez@example.net",INS63736
818,Christopher,Davis,2014-06-27,Female,"(919)289-4870, tsilva@example.com",INS278198
819,Ryan,Hernandez,1970-08-05,Male,"258-802-4144, sharmon@example.com",INS75659
820,Andrea,White,1983-03-15,Male,"480.435.9254x85135, denisebowen@example.com",INS64142
821,Brittany,Weaver,1925-12-08,Female,"522.305.6375, morrischristopher@example.com",INS970026
822,Holly,Williams,1926-05-21,Other,"(241)862-2249, jacksonleslie@example.net",INS665223
823,Angel,Johnson,1999-04-18,Male,"001-653-602-7687x45276, danielmonica@example.org",INS117337
824,David,Henry,1977-10-26,Male,"+1-855-658-0197x283, jacob98@example.org",INS750837
825,Thomas,Martinez,1959-01-31,Other,"001-787-549-9833, monicachandler@example.org",INS253495
826,Matthew,May,1981-12-02,Female,"848.908.2513x17368, courtney34@example.com",INS9620
827,Melissa,Miles,2024-01-10,Other,"(803)850-8987x9877, devin75@example.org",INS634798
828,Meghan,Crosby,1988-12-06,Male,"525-635-0400x2239, coopereric@example.com",INS529897
829,Rebecca,Powell,1930-05-15,Other,"+1-241-329-3119x6967, vbenson@example.com",INS360588
830,Stephanie,Wiley,1928-02-28,Male,"001-853-303-0028x862, williampadilla@example.org",INS166911
831,Spencer,Butler,2017-09-02,Male,"(684)428-6977x9859, adamscindy@example.org",INS280761
832,Connie,Mendez,1931-12-19,Male,"001-514-650-0643x08529, jhoward@example.org",INS673456
833,Amy,Wilson,1995-06-23,Male,"001-619-309-8560, csmith@example.org",INS371766
834,Julie,Smith,1957-10-24,Female,"991-548-7357x3078, randerson@example.com",INS526904
835,Jennifer,Chandler,2006-04-18,Female,"881.770.4357x203, stephen02@example.net",INS165076
836,Nicholas,Smith,2025-02-20,Female,"+1-210-826-7667, sylviamunoz@example.net",INS435140
837,Stephen,Green,1928-08-24,Male,"7309680312, riveratheresa@example.com",INS469606
838,James,Phillips,2005-09-07,Other,"(547)472-6604, matthew65@example.net",INS790997
839,Jessica,Houston,2008-06-22,Other,"(823)854-3083x411, tgonzales@example.org",INS790319
840,Mark,Harris,1997-07-26,Other,"001-379-868-6264x19493, benjaminortega@example.net",INS728113
841,Kara,Ward,1951-08-18,Other,"+1-497-369-5500x96070, vgordon@example.org",INS655126
842,Stacey,Hunt,1970-02-06,Male,"8723927092, riggsmichelle@example.org",INS771626
843,Steven,Preston,1927-07-02,Female,"304-946-8869x6756, jamesjohnson@example.org",INS109119
844,Crystal,Lamb,1961-04-12,Other,"(300)827-1661, justin54@example.org",INS634250
845,Christopher,Gonzales,1945-07-06,Female,"(714)281-7899, andrea73@example.org",INS363634
846,Andrew,Henry,1952-12-26,Other,"606-813-9432x62876, lesarah@example.org",INS459599
847,Connie,Ortiz,1932-08-29,Male,"356.640.8645, heather04@example.com",INS763223
848,Mary,Ellis,1929-09-06,Male,"678.271.0723, esanchez@example.net",INS959576
849,Kyle,Moore,2011-08-09,Female,"253-865-3095, alexander27@example.net",INS571231
850,Jeffrey,Martinez,1964-12-16,Female,"955.718.9952, morrisonabigail@example.com",INS427183
851,Kevin,Cox,1969-10-04,Male,"867.274.1534, agonzalez@example.com",INS977171
852,Juan,Jennings,2015-01-15,Male,"+1-935-233-0789, rodney99@example.com",INS749812
853,Alexander,Joseph,1994-07-23,Other,"739-504-4790x21555, john65@example.com",INS365453
854,Sydney,Weaver,1983-06-11,Other,"001-896-452-6586x053, fnixon@example.org",INS649130
855,Daniel,Torres,1949-01-06,Male,"662-373-8599, cmoore@example.com",INS31253
856,Jon,Williams,1985-01-26,Male,"(320)786-0099, danielle53@example.com",INS935130
857,Jonathan,Valdez,1950-09-22,Male,"479.526.7539x89854, david48@example.com",INS782211
858,Andrew,Hernandez,1943-11-27,Other,"+1-575-223-7395x958, amendoza@example.net",INS773916
859,Jerry,Bradshaw,1979-11-03,Female,"698-602-0439, judy85@example.com",INS517381
860,Robert,Smith,1977-05-26,Female,"+1-745-271-8417x110, yrobinson@example.net",INS747840
861,Dale,Williams,1953-12-07,Male,"+1-947-371-2375x29988, tiffanyharris@example.org",INS916314
862,Kayla,Johnson,1965-04-11,Male,"(936)568-3181x7291, nwilkerson@example.com",INS81803
863,Dylan,Benson,1934-02-03,Other,"954-494-2598, kclayton@example.org",INS330233
864,Corey,Campos,2006-02-04,Other,"499.354.1941x98553, kathleenpatrick@example.net",INS309790
865,Michael,Jones,1984-03-28,Other,"001-594-664-4257, flynnkristina@example.net",INS601588
866,Carrie,Roman,2001-10-14,Male,"+1-853-461-3574x35746, butlerashley@example.com",INS831204
867,Christopher,Brown,2005-03-17,Female,"001-232-493-7645x54796, kristinacook@example.org",INS17401
868,Amy,Ross,2012-06-23,Female,"001-974-817-7532x1284, joesmith@example.org",INS395041
869,Miranda,Clark,1926-10-03,Male,"4556459205, angelachavez@example.org",INS430806
870,Russell,Hicks,1998-08-30,Male,"001-263-887-7353, smithcassandra@example.net",INS488735
871,Thomas,Oconnor,2016-09-15,Male,"544.975.6600, pscott@example.net",INS339787
872,Chris,Johnson,1940-05-15,Female,"5386568855, muellerjulie@example.net",INS633349
873,Kimberly,Leonard,1985-03-01,Other,"001-292-244-9526, thenderson@example.org",INS560464
874,James,Evans,1948-02-27,Male,"872.483.3160x393, diaztodd@example.org",INS899700
875,Patrick,Logan,1947-06-21,Female,"+1-840-940-3262, sheilajohnson@example.com",INS544927
876,Rebecca,Rose,1929-05-14,Female,"001-989-537-7502x941, andersonstacy@example.com",INS628201
877,Shane,Smith,2008-01-26,Male,"001-417-831-1830x3680, andrewsalison@example.org",INS564524
878,Shane,Montes,1984-01-29,Male,"(205)639-6772x7228, ybaker@example.org",INS794438
879,Jessica,Sawyer,1993-08-17,Male,"+1-575-217-5667x96097, marquezsandra@example.com",INS526732
880,Theresa,Mills,1934-02-21,Other,"739.696.7237x4507, muellermegan@example.org",INS647454
881,Ralph,Moore,2004-03-18,Female,"001-825-219-3677x79260, suttondavid@example.com",INS125457
882,Marcia,Bradshaw,1928-10-17,Other,"+1-514-477-4807, daniel10@example.com",INS540476
883,Heather,Moran,1928-12-31,Female,"001-911-441-5134, sparks@example.net",INS323546
884,Victor,Chapman,2017-09-28,Other,"+1-217-875-9853x1193, burkewilliam@example.org",INS499687
885,Cheryl,Williams,1951-02-12,Male,"001-510-629-6063, gordonwanda@example.com",INS828938
886,Eric,Turner,1976-01-12,Male,"443.322.6359, mescobar@example.com",INS907320
887,Daniel,Coleman,1969-02-02,Other,"001-874-703-3677x047, rebecca33@example.com",INS792614
888,Edward,Brady,2008-08-10,Female,"7538612466, justinmontes@example.org",INS735100
889,Angela,Richmond,1941-03-15,Other,"582.608.5372x4488, amy35@example.net",INS290474
890,Shari,Lewis,2009-08-17,Other,"(601)659-7073x49346, pmeyers@example.org",INS648855
891,Corey,Barnes,1930-12-12,Female,"612.654.1519x371, hernandezdanny@example.org",INS959488
892,Cynthia,Cox,1939-08-18,Male,"+1-539-549-0347x81063, markburton@example.net",INS119527
893,Tracy,Garcia,1983-08-12,Female,"+1-725-532-1892x8291, travis13@example.com",INS272495
894,Michael,Carter,1979-10-11,Other,"287.812.6207x664, patrickjames@example.net",INS41777
895,Michael,Burke,2001-09-17,Male,"7848566896, edonaldson@example.org",INS648777
896,Frederick,Curtis,1930-07-20,Other,"568-794-5151x59655, cassandraberry@example.net",INS471465
897,Brenda,Gonzalez,1948-06-14,Male,"287.533.3597, xsmith@example.org",INS380987
898,Jason,Mcclure,1940-05-11,Male,"6765839577, douglaskim@example.org",INS921987
899,John,Lewis,1999-04-22,Other,"001-440-240-5426x81713, uaguilar@example.com",INS308
900,Eric,Andrade,1998-10-24,Other,"+1-828-562-8202x84741, josephwashington@example.net",INS821373
901,Justin,Simpson,1976-01-16,Male,"729.844.5148x17555, isabel65@example.org",INS741014
902,Jonathan,Ross,1980-06-03,Male,"(539)651-1515, pamelacurtis@example.org",INS614971
903,Michele,Harvey,1996-02-16,Male,"300-849-4363, johnsonrichard@example.net",INS387625
904,Elizabeth,Freeman,1994-02-20,Female,"001-825-691-4479x66299, richard45@example.com",INS272797
905,Jamie,Shaw,1943-11-15,Female,"883-330-7845x947, whitneygraham@example.org",INS697436
906,Denise,Rodriguez,2023-09-17,Female,"626-227-8154x9488, jenniferdunn@example.org",INS615006
907,Matthew,Johnson,2018-01-07,Male,"489-516-2464, awolf@example.net",INS294808
908,Glenn,Ramirez,1977-07-14,Other,"285.671.7616x46155, matthew23@example.net",INS732694
909,Russell,Griffin,1967-08-21,Female,"894-552-1425, lwilson@example.org",INS7236
910,David,Nguyen,1987-01-13,Male,"606-740-5234, martinrandall@example.com",INS446951
911,Cindy,Harris,1998-09-10,Other,"833.288.8404, wroy@example.com",INS549668
912,David,Diaz,1932-10-14,Female,"(567)900-1383, singletonjoseph@example.com",INS797383
913,Christine,Martin,1944-10-07,Female,"454.333.0560x4875, amberrodriguez@example.com",INS758006
914,Aaron,Richard,1961-03-27,Female,"(852)384-0264, imorgan@example.com",INS920000
915,Tara,Lopez,2015-04-19,Female,"3769719743, jessicabradley@example.org",INS625562
916,Matthew,Mcgee,1967-10-04,Male,"618-371-4535x6168, wrightjessica@example.org",INS134690
917,Jeffrey,Perez,2005-06-21,Other,"001-485-245-3912x24219, daniel11@example.org",INS626528
918,Paul,Reynolds,1983-07-05,Other,"+1-884-862-7161, nicoleanderson@example.net",INS995832
919,Juan,Morris,1989-05-19,Female,"+1-681-877-1527, hgray@example.com",INS530979
920,Richard,Grant,1985-08-12,Male,"001-521-203-9186x505, toddgary@example.com",INS999957
921,Kendra,Ramirez,1965-01-22,Female,"(920)655-8204x2347, cheryl22@example.org",INS886118
922,John,Shaw,1929-03-21,Other,"510-881-7055x5575, james68@example.com",INS53636
923,Michael,Adams,1928-06-22,Other,"895.286.9540x88701, ericawarner@example.org",INS511413
924,Harold,Anderson,1925-01-18,Female,"963.429.1663, singletonbenjamin@example.net",INS563694
925,Tiffany,Osborn,1957-05-21,Male,"(598)444-1824x0383, iproctor@example.net",INS541762
926,Jacqueline,Shaw,1958-06-04,Female,"(774)861-6778, gibsonzachary@example.com",INS145108
927,Michael,Reyes,2009-07-18,Other,"+1-561-946-8693x014, joannalvarado@example.org",INS559138
928,Jimmy,Shaw,2015-04-09,Male,"895-252-1710x362, heather87@example.net",INS164266
929,Laura,Brown,1935-07-07,Male,"8143819816, gouldjames@example.net",INS18997
930,Jeffrey,Green,1927-06-28,Male,"001-438-512-7240x81118, gcortez@example.com",INS582222
931,Leroy,Torres,1933-05-30,Other,"218-269-4312x6976, goulddavid@example.net",INS444597
932,Jonathan,Jackson,1936-01-20,Other,"289.759.6409x9708, julie87@example.com",INS990542
933,Michael,James,1960-07-24,Male,"929.521.0452x596, hannah01@example.net",INS303108
934,Andrea,Rangel,1966-05-05,Male,"(716)982-0835x23128, smithrickey@example.net",INS839065
935,Robert,Miranda,2004-01-25,Female,"737-866-5234, joshua34@example.org",INS841200
936,Colleen,Jackson,2018-10-06,Other,"001-553-215-2992x98782, mccarthyjenna@example.net",INS876621
937,Traci,Hunter,2017-04-25,Other,"241-969-9278x6564, robertrogers@example.org",INS459448
938,Michael,Williams,1946-07-06,Male,"001-863-944-3968, amanda97@example.com",INS397949
939,Thomas,Robles,2006-07-19,Other,"+1-742-984-5839x13665, donnasmith@example.net",INS824625
940,Andrea,Gibson,1993-02-25,Male,"001-309-814-2807x12114, bfarrell@example.org",INS79008
941,Jessica,Dean,1977-11-12,Male,"760-261-9945, amy25@example.net",INS571577
942,Felicia,Diaz,2016-11-09,Male,"791.439.2222x631, whitemeghan@example.net",INS945082
943,Miguel,Barry,2009-06-04,Male,"2226337846, brittany39@example.net",INS172564
944,Micheal,Crawford,1997-01-27,Female,"+1-617-322-5503x8828, frankmiles@example.org",INS464981
945,Elizabeth,Jackson,1960-04-24,Female,"(778)682-2211, tbutler@example.com",INS833352
946,Joshua,Scott,1997-04-29,Male,"(446)700-1127x8351, padillaricky@example.com",INS257539
947,Jessica,Patterson,1933-11-01,Female,"001-779-293-6977x00085, lindsey09@example.com",INS714255
948,Jane,Rivera,1946-02-02,Female,"767-236-4769, rterrell@example.org",INS421556
949,Michael,Wilson,2015-11-21,Female,"8203454744, jenkinsjohn@example.org",INS981594
950,Julie,Daniels,1997-04-18,Male,"+1-472-808-0140x99127, jacqueline85@example.org",INS822763
951,Brittany,Grant,2005-12-07,Male,"+1-934-402-1751x84363, holly40@example.org",INS194187
952,Scott,Lynch,2002-01-09,Other,"001-331-218-9689x61687, johnsonerika@example.org",INS691937
953,Kimberly,Perry,1962-03-23,Female,"976.984.4459x3384, sara08@example.org",INS201881
954,Kirsten,Thompson,1954-04-09,Other,"484-818-8075x66987, tylerwu@example.com",INS81530
955,Todd,Gibson,1957-04-06,Other,"788.392.0287, wendyking@example.org",INS702421
956,Sonya,Brown,1967-09-03,Other,"719.913.0928x27602, tinaclark@example.org",INS986316
957,Amanda,Zavala,2007-11-24,Male,"(572)488-1136x8830, leslie51@example.com",INS729935
958,Zachary,Bowen,1959-10-05,Female,"347-765-2217x280, kevin63@example.org",INS61640
959,Blake,Webb,1963-07-01,Male,"8958850210, sullivanmelanie@example.com",INS229463
960,Bryan,Marshall,1936-08-20,Male,"430-312-6499x948, juliabrown@example.com",INS794921
961,Michael,Kelly,1978-03-08,Other,"402-573-6625x4118, wendywatson@example.org",INS630185
962,Emily,Romero,2019-12-20,Female,"393.256.1844, stevenwaters@example.com",INS57023
963,Stacey,Burgess,2005-01-26,Female,"634-449-7971, ejackson@example.net",INS610129
964,Joseph,Patterson,2011-06-03,Male,"207-808-9292, taylorjoseph@example.com",INS780514
965,Mitchell,Mcdonald,2019-01-18,Other,"(709)351-2621, gortiz@example.org",INS329903
966,Jesse,Johnson,1976-10-14,Other,"432-428-0735, heather46@example.com",INS398049
967,Diana,Russell,2013-06-27,Female,"388-919-6583x84787, breanna57@example.org",INS862646
968,Jeffrey,Sullivan,2022-11-24,Other,"607.542.9387x61057, whitecrystal@example.com",INS988819
969,Tyler,Montgomery,1931-10-15,Other,"720-802-2031, cunninghamabigail@example.net",INS413677
970,Daniel,Brown,1955-04-23,Female,"438-882-7527x7556, conleydavid@example.net",INS526879
971,Shannon,Brooks,1931-03-08,Other,"+1-326-762-3892x517, torresjennifer@example.org",INS245260
972,Douglas,Schmidt,1959-09-06,Male,"001-618-689-3676x82382, awatts@example.org",INS181190
973,Phillip,Chan,1956-02-05,Female,"250.767.4717x422, snorris@example.org",INS821444
974,Becky,Davis,2024-09-25,Female,"+1-254-780-1729x389, whitneypena@example.net",INS634053
975,William,Mcclain,1944-05-18,Male,"440.206.9592, leonard79@example.org",INS729073
976,Derek,Shannon,1944-05-10,Male,"671.290.4896x619, mweaver@example.com",INS730220
977,Carolyn,Brock,1927-02-04,Female,"750.307.3090, ambersalazar@example.org",INS321611
978,Victor,Miller,2020-06-16,Female,"6289997942, frank25@example.org",INS917597
979,Christopher,Tucker,2015-12-03,Other,"639.368.3093, jeremygilbert@example.org",INS368544
980,Jessica,Christensen,2008-08-19,Female,"730-731-9695x718, lawrencevaughan@example.net",INS635617
981,Trevor,Wolf,1938-12-31,Female,"856-728-9543x2920, robindean@example.net",INS972863
982,Andrew,Jackson,1942-09-13,Other,"639-217-3757x55634, markwilson@example.net",INS783983
983,John,Fields,1945-12-02,Female,"864-546-4807x1777, andersonann@example.net",INS656480
984,Brandon,Walker,1996-07-26,Female,"6712881833, krystalhartman@example.com",INS203707
985,Zachary,Whitehead,1965-09-01,Male,"593-371-8067x8719, erogers@example.org",INS100623
986,Tiffany,Aguilar,1928-07-07,Male,"956-727-9077x34518, colleen34@example.com",INS247294
987,Joseph,Gallagher,1983-08-21,Male,"561-970-8543, tyler50@example.com",INS594166
988,Cynthia,Li,1978-08-07,Male,"665-720-3960, andregarcia@example.com",INS967341
989,Jeffrey,Harrington,1979-06-18,Other,"+1-835-739-7306, amanda77@example.com",INS733968
990,Sarah,Mooney,1979-03-17,Male,"245-287-6234x8327, corey03@example.org",INS472806
991,Jennifer,Deleon,1993-10-21,Female,"4092846827, bcharles@example.com",INS73873
992,Tyler,Lopez,1995-08-16,Female,"982.890.7876x12016, irussell@example.com",INS624596
993,Tracey,Stone,1938-10-14,Female,"+1-902-913-6747, cunninghammelissa@example.org",INS130043
994,Dan,Hamilton,2007-11-14,Male,"250-386-0572x05684, richard47@example.com",INS350096
995,Roy,Fletcher,1959-09-16,Other,"+1-986-991-9187x7227, dchambers@example.org",INS521191
996,Jennifer,Mcgee,1948-03-31,Other,"001-719-692-0990x8540, cainyolanda@example.net",INS600125
997,Rebecca,Gentry,1998-01-26,Male,"(303)908-4857, chall@example.org",INS977822
998,Connor,Weber,1928-05-31,Male,"258-632-6315x08989, jeffrey61@example.org",INS483589
999,Elizabeth,Jenkins,2016-08-11,Female,"001-554-588-6664x0651, sandy02@example.net",INS760388
1000,Edward,Cruz,1976-05-08,Male,"001-742-714-7397, johnstonbrent@example.net",INS980208
